File Name,Real Path,File Size (bytes),Creation Date,SHA-256
"/data/project/wdump/links/latest//aawiki-latest-pages-articles-multistream.xml.bz2","/mnt/nfs/dumps/aawiki/20260901/aawiki-20260901-pages-articles-multistream.xml.bz2",36519,"2026-09-01 09:10:10.587903572 +0000",5ed71ab1280021a77ef26d3f3b46dbd345f0e78fe422dac3f48de34a2f21d4b9
"/data/project/wdump/links/latest//aawikibooks-latest-pages-articles-multistream.xml.bz2","/mnt/nfs/dumps/aawikibooks/20260901/aawikibooks-20260901-pages-articles-multistream.xml.bz2",5345,"2026-09-01 09:12:50.675982972 +0000",fc0f9adfffbbda3eb83cea3c41aee36484677f6b0b05e140b1b4769ed13d0fa8
"/data/project/wdump/links/latest//aawiktionary-latest-pages-articles-multistream.xml.bz2","/mnt/nfs/dumps/aawiktionary/20260901/aawiktionary-20260901-pages-articles-multistream.xml.bz2",24765,"2026-09-01 09:17:42.283627995 +0000",d5f0baab518c7bedb7b5372aa6d48f6145332f5aa10b16e3a5269e1275b9a29e
"/data/project/wdump/links/latest//abstractwiki-latest-pages-articles-multistream.xml.bz2","/mnt/nfs/dumps/abstractwiki/20260901/abstractwiki-20260901-pages-articles-multistream.xml.bz2",954607,"2026-09-01 09:15:16.681727881 +0000",c2bed3fd617316b95c107e641d7b35b656701c77e82ba11f6894e24b397248d2
"/data/project/wdump/links/latest//abwiki-latest-pages-articles-multistream.xml.bz2","/mnt/nfs/dumps/abwiki/20260901/abwiki-20260901-pages-articles-multistream.xml.bz2",9219624,"2026-09-01 09:12:59.824396936 +0000",cd3815bcb86eada711a46d1dc0b14a02f4f7a7db52241fb14f36f190937f8cd4
"/data/project/wdump/links/latest//abwiktionary-latest-pages-articles-multistream.xml.bz2","/mnt/nfs/dumps/abwiktionary/20260901/abwiktionary-20260901-pages-articles-multistream.xml.bz2",48361,"2026-09-01 09:17:42.141719591 +0000",ccefe17a4d5c28cd757dec7497c7fad937cd73687d26186e621e76c34f865085
"/data/project/wdump/links/latest//acewiki-latest-pages-articles-multistream.xml.bz2","/mnt/nfs/dumps/acewiki/20260901/acewiki-20260901-pages-articles-multistream.xml.bz2",4869845,"2026-09-01 09:18:29.892613692 +0000",042ed028da1e380f326a443b4383d61a91e4933481c30a5dff9a45e0a515be13
"/data/project/wdump/links/latest//advisorywiki-latest-pages-articles-multistream.xml.bz2","/mnt/nfs/dumps/advisorywiki/20260901/advisorywiki-20260901-pages-articles-multistream.xml.bz2",25844,"2026-09-01 09:17:42.015631847 +0000",327faf7997e3182d5a6fcbbaaeba4cca06e868fde6522ff47ad25f0a8dc44046
"/data/project/wdump/links/latest//adywiki-latest-pages-articles-multistream.xml.bz2","/mnt/nfs/dumps/adywiki/20260901/adywiki-20260901-pages-articles-multistream.xml.bz2",1587260,"2026-09-01 12:00:41.968664493 +0000",401dfe125584cef745f8e7809c1f20575bfaf72fdc444e505a25634a845b42dd
"/data/project/wdump/links/latest//aewikimedia-latest-pages-articles-multistream.xml.bz2","/mnt/nfs/dumps/aewikimedia/20260901/aewikimedia-20260901-pages-articles-multistream.xml.bz2",407334,"2026-09-01 12:00:00.609960626 +0000",2ad9a5b1d361fd44bd10fae76ef8a961b6b3d0dd2ee2a4618093fd058d6d30ed
"/data/project/wdump/links/latest//afwiki-latest-pages-articles-multistream.xml.bz2","/mnt/nfs/dumps/afwiki/20260901/afwiki-20260901-pages-articles-multistream.xml.bz2",167789694,"2026-09-01 13:16:35.961206932 +0000",f37d35500aeddb5977efe1dc57c03d155964e463e388ba1ac9a219d5ee87b97a
"/data/project/wdump/links/latest//afwikibooks-latest-pages-articles-multistream.xml.bz2","/mnt/nfs/dumps/afwikibooks/20260901/afwikibooks-20260901-pages-articles-multistream.xml.bz2",163921,"2026-09-01 12:11:47.264336617 +0000",999679364e6358da6050f5a00e2fbfaa85ce05a8f009e303268d3c2cda200a76
"/data/project/wdump/links/latest//afwikiquote-latest-pages-articles-multistream.xml.bz2","/mnt/nfs/dumps/afwikiquote/20260901/afwikiquote-20260901-pages-articles-multistream.xml.bz2",383411,"2026-09-01 09:12:30.564318979 +0000",4612f16bfc12c5c15ce472427a3797cba13e0375dee35bd604c7d5d17865e313
"/data/project/wdump/links/latest//afwiktionary-latest-pages-articles-multistream.xml.bz2","/mnt/nfs/dumps/afwiktionary/20260901/afwiktionary-20260901-pages-articles-multistream.xml.bz2",8381990,"2026-09-01 12:01:23.572622821 +0000",b11f64bcb091d4b70cf871abee851c7e34eff89ba9770917d9b6ee9eb3dfc69b
"/data/project/wdump/links/latest//akwiki-latest-pages-articles-multistream.xml.bz2","/mnt/nfs/dumps/akwiki/20260901/akwiki-20260901-pages-articles-multistream.xml.bz2",256206,"2026-09-01 13:19:49.022494269 +0000",ec18403365d15682daa1a8fbab90eb4f88a403e68f6e213fdab0d7daa51c1848
"/data/project/wdump/links/latest//akwikibooks-latest-pages-articles-multistream.xml.bz2","/mnt/nfs/dumps/akwikibooks/20260901/akwikibooks-20260901-pages-articles-multistream.xml.bz2",21215,"2026-09-01 12:01:16.996612355 +0000",ea23629a8b0440c46ca7dc215a30d3e503f0a6399afa3380a69e1b03c114acd4
"/data/project/wdump/links/latest//akwiktionary-latest-pages-articles-multistream.xml.bz2","/mnt/nfs/dumps/akwiktionary/20260901/akwiktionary-20260901-pages-articles-multistream.xml.bz2",4716,"2026-09-01 13:15:29.770136449 +0000",1806b8f0feaf006807607e91129cc7cfdd425a3b31ac1bd4a3ddd2b51d4b6759
"/data/project/wdump/links/latest//alswiki-latest-pages-articles-multistream.xml.bz2","/mnt/nfs/dumps/alswiki/20260901/alswiki-20260901-pages-articles-multistream.xml.bz2",68095368,"2026-09-01 13:29:58.891043584 +0000",b920d76462a11214410b3fcb826ac9299b66600524333d5061bbfb4b2b192f8f
"/data/project/wdump/links/latest//alswikibooks-latest-pages-articles-multistream.xml.bz2","/mnt/nfs/dumps/alswikibooks/20180101/alswikibooks-20180101-pages-articles-multistream.xml.bz2",7770,"2018-01-03 05:38:17.243669829 +0000",63a53898aded620c0f01d4ca687680e477c76bd61f23b3f761481abd8a9b0dec
"/data/project/wdump/links/latest//alswikiquote-latest-pages-articles-multistream.xml.bz2","/mnt/nfs/dumps/alswikiquote/20180101/alswikiquote-20180101-pages-articles-multistream.xml.bz2",4525,"2018-01-03 05:02:43.405897167 +0000",0f499798abf22829129c8585f8e29d9ac93250c8e15cbf46de3131be151be5f9
"/data/project/wdump/links/latest//alswiktionary-latest-pages-articles-multistream.xml.bz2","/mnt/nfs/dumps/alswiktionary/20180101/alswiktionary-20180101-pages-articles-multistream.xml.bz2",110075,"2018-01-03 05:51:22.244307436 +0000",9a87f8efbc64da807be6acfcb6ed7a390015bd64cc56987832457f395dffd10d
"/data/project/wdump/links/latest//altwiki-latest-pages-articles-multistream.xml.bz2","/mnt/nfs/dumps/altwiki/20260901/altwiki-20260901-pages-articles-multistream.xml.bz2",4701810,"2026-09-01 12:12:43.395808765 +0000",6334341c6fe14c71c938a3fbc4d662e9b42539b17b225bf806477a20310bfa49
"/data/project/wdump/links/latest//amiwiki-latest-pages-articles-multistream.xml.bz2","/mnt/nfs/dumps/amiwiki/20260901/amiwiki-20260901-pages-articles-multistream.xml.bz2",2360425,"2026-09-01 12:12:40.719481251 +0000",e81c4128905bd852b1faa3ce98617aeb018737414398ae3f0201f86fcff96399
"/data/project/wdump/links/latest//amwiki-latest-pages-articles-multistream.xml.bz2","/mnt/nfs/dumps/amwiki/20260901/amwiki-20260901-pages-articles-multistream.xml.bz2",10032500,"2026-09-01 13:21:16.413265766 +0000",61deab0e1f33c56d5fd1212a9e5e8d4258211b01e181f747e3a7106285fe9706
"/data/project/wdump/links/latest//amwikimedia-latest-pages-articles-multistream.xml.bz2","/mnt/nfs/dumps/amwikimedia/20260901/amwikimedia-20260901-pages-articles-multistream.xml.bz2",442715,"2026-09-01 12:12:58.939840820 +0000",a343ea0ab7f15ee853b81d7144c43d52572fd66e66f5deddee15efd84932299e
"/data/project/wdump/links/latest//amwikiquote-latest-pages-articles-multistream.xml.bz2","/mnt/nfs/dumps/amwikiquote/20260901/amwikiquote-20260901-pages-articles-multistream.xml.bz2",35692,"2026-09-01 13:25:22.660782078 +0000",0a2709407224f250a6d0030ba7ab493041fabbfeaad698220418ca481f5bea7c
"/data/project/wdump/links/latest//amwiktionary-latest-pages-articles-multistream.xml.bz2","/mnt/nfs/dumps/amwiktionary/20260901/amwiktionary-20260901-pages-articles-multistream.xml.bz2",716158,"2026-09-01 13:25:23.692608178 +0000",8cf3d43685f7b4a5afde7b936345ea1c116f81652f050b2dfd84d228e167bb48
"/data/project/wdump/links/latest//angwiki-latest-pages-articles-multistream.xml.bz2","/mnt/nfs/dumps/angwiki/20260901/angwiki-20260901-pages-articles-multistream.xml.bz2",6624771,"2026-09-01 13:25:04.300515131 +0000",aeda7b37845f98f8fb0d245c2b1760a2b01c5b207e5c7d785832d11607eb18d4
"/data/project/wdump/links/latest//angwikibooks-latest-pages-articles-multistream.xml.bz2","/mnt/nfs/dumps/angwikibooks/20260901/angwikibooks-20260901-pages-articles-multistream.xml.bz2",340269,"2026-09-01 13:26:54.060208786 +0000",a2128f594f0168188f1592797af3e2bfea67b6b398b8ade6a0fa98066a18ec59
"/data/project/wdump/links/latest//angwikiquote-latest-pages-articles-multistream.xml.bz2","/mnt/nfs/dumps/angwikiquote/20260901/angwikiquote-20260901-pages-articles-multistream.xml.bz2",54547,"2026-09-01 13:25:55.604761629 +0000",80b5d97951a2b945a1b5f5e0512b7dcfd64cccda65daa4bd61d42206b5852881
"/data/project/wdump/links/latest//angwikisource-latest-pages-articles-multistream.xml.bz2","/mnt/nfs/dumps/angwikisource/20260901/angwikisource-20260901-pages-articles-multistream.xml.bz2",10399,"2026-09-01 13:25:53.512751557 +0000",adddda8c87e86f9077b91a5984a3da632caa717f2aac05a271bf491a6b4878a1
"/data/project/wdump/links/latest//angwiktionary-latest-pages-articles-multistream.xml.bz2","/mnt/nfs/dumps/angwiktionary/20260901/angwiktionary-20260901-pages-articles-multistream.xml.bz2",791740,"2026-09-01 13:34:06.316785390 +0000",d65c4377709ac641656448615c9d33b5df99124b3f90c27d4e9926f524a371cf
"/data/project/wdump/links/latest//annwiki-latest-pages-articles-multistream.xml.bz2","/mnt/nfs/dumps/annwiki/20260901/annwiki-20260901-pages-articles-multistream.xml.bz2",759511,"2026-09-01 08:58:11.484628643 +0000",c9aca8e3ef5a3797f2cb9097c3aba0780919394702cce96a9dee90d45f731c96
"/data/project/wdump/links/latest//anpwiki-latest-pages-articles-multistream.xml.bz2","/mnt/nfs/dumps/anpwiki/20260901/anpwiki-20260901-pages-articles-multistream.xml.bz2",3987121,"2026-09-01 08:58:10.974041884 +0000",7cdedcdf4f475325a002dfb70785709ef504912d97577514cdfb843ceabc681a
"/data/project/wdump/links/latest//anwiki-latest-pages-articles-multistream.xml.bz2","/mnt/nfs/dumps/anwiki/20260901/anwiki-20260901-pages-articles-multistream.xml.bz2",65713953,"2026-09-01 09:04:21.655019602 +0000",2293a0f5ed3d200be12b64d711f5bceff5324753435bf3ad32d1a886cdcd465c
"/data/project/wdump/links/latest//anwiktionary-latest-pages-articles-multistream.xml.bz2","/mnt/nfs/dumps/anwiktionary/20260901/anwiktionary-20260901-pages-articles-multistream.xml.bz2",753105,"2026-09-01 08:53:44.566926843 +0000",77c45f6f0a343d9bc2426b02ecc9dc3417982e8f5a84bb517245933bcf27d79b
"/data/project/wdump/links/latest//apiportalwiki-latest-pages-articles-multistream.xml.bz2","/mnt/nfs/dumps/apiportalwiki/20260601/apiportalwiki-20260601-pages-articles-multistream.xml.bz2",65800,"2026-06-01 23:43:04.634038907 +0000",4f54c7fe94d0e898566f6d963bd4eb5cf15da4a7d20f1bb17a2540a484ad1d49
"/data/project/wdump/links/latest//arcwiki-latest-pages-articles-multistream.xml.bz2","/mnt/nfs/dumps/arcwiki/20260901/arcwiki-20260901-pages-articles-multistream.xml.bz2",1346358,"2026-09-01 08:55:25.594876598 +0000",931980387933f5cbeacbb955f2cddb410fefe69fa56a09457db4ba14b253a6e9
"/data/project/wdump/links/latest//arwiki-latest-pages-articles-multistream.xml.bz2","/mnt/nfs/dumps/arwiki/20260901/arwiki-20260901-pages-articles-multistream.xml.bz2",2144414075,"2026-09-01 19:26:10.472049048 +0000",2cefb64ef798df84df04fd95e99216feb039511d630bf2ffd36e279cccd594e6
"/data/project/wdump/links/latest//arwikibooks-latest-pages-articles-multistream.xml.bz2","/mnt/nfs/dumps/arwikibooks/20260901/arwikibooks-20260901-pages-articles-multistream.xml.bz2",3880100,"2026-09-01 08:58:11.720211794 +0000",43c0f65969225af7255fe4f9008153a72bce5a7f50890be8c60024d229eccd95
"/data/project/wdump/links/latest//arwikimedia-latest-pages-articles-multistream.xml.bz2","/mnt/nfs/dumps/arwikimedia/20260901/arwikimedia-20260901-pages-articles-multistream.xml.bz2",9618,"2026-09-01 09:18:29.338952301 +0000",a9d202e7302cfde14fd9cc0e119d0e320049c124e21dbf5ff8f7603e4dd98255
"/data/project/wdump/links/latest//arwikinews-latest-pages-articles-multistream.xml.bz2","/mnt/nfs/dumps/arwikinews/20260901/arwikinews-20260901-pages-articles-multistream.xml.bz2",11408381,"2026-09-01 08:58:18.150060710 +0000",3b7778b146224285be83d71857b36473cb7b08fc82084df336260b5d5ebb2bf4
"/data/project/wdump/links/latest//arwikiquote-latest-pages-articles-multistream.xml.bz2","/mnt/nfs/dumps/arwikiquote/20260901/arwikiquote-20260901-pages-articles-multistream.xml.bz2",8226896,"2026-09-01 08:55:55.461687421 +0000",7a7e638bc01483426ebc19790c9cea26dfb8223b78b9e8b05caa52e8994a1621
"/data/project/wdump/links/latest//arwikisource-latest-pages-articles-multistream.xml.bz2","/mnt/nfs/dumps/arwikisource/20260901/arwikisource-20260901-pages-articles-multistream.xml.bz2",265806801,"2026-09-01 09:04:50.167646377 +0000",1733de20c3f8e6dcf64054bd0c1424627ff33ea6ac7c13a3d5346faa9841fa70
"/data/project/wdump/links/latest//arwikiversity-latest-pages-articles-multistream.xml.bz2","/mnt/nfs/dumps/arwikiversity/20260901/arwikiversity-20260901-pages-articles-multistream.xml.bz2",3230176,"2026-09-01 08:58:37.484424444 +0000",8f4b17d0b60606cdc760ecfab5b732f641c16c881c6df513338f1d62e8fba398
"/data/project/wdump/links/latest//arwiktionary-latest-pages-articles-multistream.xml.bz2","/mnt/nfs/dumps/arwiktionary/20260901/arwiktionary-20260901-pages-articles-multistream.xml.bz2",16852121,"2026-09-01 08:58:48.794141174 +0000",255f96fc46546d3c37946866517e91d650dab36652eff80c3f50f9f306c5993c
"/data/project/wdump/links/latest//arywiki-latest-pages-articles-multistream.xml.bz2","/mnt/nfs/dumps/arywiki/20260901/arywiki-20260901-pages-articles-multistream.xml.bz2",19898828,"2026-09-01 08:56:25.265881592 +0000",929608e6e3c45ea1ab03e809362055b7417498e75125f8dcb0e7c0e97807fb64
"/data/project/wdump/links/latest//arzwiki-latest-pages-articles-multistream.xml.bz2","/mnt/nfs/dumps/arzwiki/20260901/arzwiki-20260901-pages-articles-multistream.xml.bz2",350797070,"2026-09-01 13:14:59.630559590 +0000",dad5e9c12fee21e7e22e6accd93fc6e3d5b56f0b6581823226fe6a941c28b995
"/data/project/wdump/links/latest//astwiki-latest-pages-articles-multistream.xml.bz2","/mnt/nfs/dumps/astwiki/20260901/astwiki-20260901-pages-articles-multistream.xml.bz2",243775565,"2026-09-01 09:18:02.756792567 +0000",25d4f28395a2059215c7e84f27dd6c8b96a27cd5d96e907f668df440e1913f39
"/data/project/wdump/links/latest//astwikibooks-latest-pages-articles-multistream.xml.bz2","/mnt/nfs/dumps/astwikibooks/20260901/astwikibooks-20260901-pages-articles-multistream.xml.bz2",22286,"2026-09-01 12:16:50.616027739 +0000",b22f9523f0f0f507cf260fcff81e47d8295f362dd62ea4dc275eb1b13d440764
"/data/project/wdump/links/latest//astwikiquote-latest-pages-articles-multistream.xml.bz2","/mnt/nfs/dumps/astwikiquote/20260901/astwikiquote-20260901-pages-articles-multistream.xml.bz2",31852,"2026-09-01 13:32:33.898702735 +0000",d828da9b9ed9285bf7b7f261c0d3ffedcbc47dbe4633bedbf809995555892017
"/data/project/wdump/links/latest//astwiktionary-latest-pages-articles-multistream.xml.bz2","/mnt/nfs/dumps/astwiktionary/20260901/astwiktionary-20260901-pages-articles-multistream.xml.bz2",10845663,"2026-09-01 13:30:34.206820223 +0000",577ef8089e66dcc586912a33d380e66c02a61175f8c96fddca467e23a9ee3f09
"/data/project/wdump/links/latest//aswiki-latest-pages-articles-multistream.xml.bz2","/mnt/nfs/dumps/aswiki/20260901/aswiki-20260901-pages-articles-multistream.xml.bz2",75161594,"2026-09-01 09:10:41.885097735 +0000",c50bab3b3563e8d9e48a31650ff726078e19e060eb9d12b633e4b7ddc0175415
"/data/project/wdump/links/latest//aswikibooks-latest-pages-articles-multistream.xml.bz2","/mnt/nfs/dumps/aswikibooks/20260901/aswikibooks-20260901-pages-articles-multistream.xml.bz2",5576,"2026-09-01 08:55:45.382431705 +0000",591e162dbbd429a64622fa796939022fc27a71bbaa5918b427b58dedb1d8193b
"/data/project/wdump/links/latest//aswikiquote-latest-pages-articles-multistream.xml.bz2","/mnt/nfs/dumps/aswikiquote/20260901/aswikiquote-20260901-pages-articles-multistream.xml.bz2",2085050,"2026-09-01 08:58:37.490111483 +0000",77eff999ba5e7f80b9d6fd0ac317eb5b649ab0a5612b8bda6ec2f7cf82970a56
"/data/project/wdump/links/latest//aswikisource-latest-pages-articles-multistream.xml.bz2","/mnt/nfs/dumps/aswikisource/20260901/aswikisource-20260901-pages-articles-multistream.xml.bz2",43675210,"2026-09-01 09:01:43.671932251 +0000",4bb9ae39f29e6ec688097ab977a27e2ef433bd9cf0f7c8da6cc04087722dde49
"/data/project/wdump/links/latest//aswiktionary-latest-pages-articles-multistream.xml.bz2","/mnt/nfs/dumps/aswiktionary/20260901/aswiktionary-20260901-pages-articles-multistream.xml.bz2",51543,"2026-09-01 08:59:04.873415806 +0000",d458d3d31786cf4328e8e562e4c0dd474f1b5ae4561af4d97de7809a415bdb20
"/data/project/wdump/links/latest//atjwiki-latest-pages-articles-multistream.xml.bz2","/mnt/nfs/dumps/atjwiki/20260901/atjwiki-20260901-pages-articles-multistream.xml.bz2",818528,"2026-09-01 08:56:10.254306563 +0000",7c5572c411368575207daa448a31d7fbf69dfc6b0e5be63d029d5f467e75b48e
"/data/project/wdump/links/latest//avkwiki-latest-pages-articles-multistream.xml.bz2","/mnt/nfs/dumps/avkwiki/20260901/avkwiki-20260901-pages-articles-multistream.xml.bz2",11595308,"2026-09-01 08:56:19.500656279 +0000",3a371a6f588b1f09186669446a3c3f3f49bcdc9717d6c7b2d7ef122bfc8c9f21
"/data/project/wdump/links/latest//avwiki-latest-pages-articles-multistream.xml.bz2","/mnt/nfs/dumps/avwiki/20260901/avwiki-20260901-pages-articles-multistream.xml.bz2",11824306,"2026-09-01 08:56:41.380336428 +0000",aaa36042dc8f96008c4aa5f06fe4c636c2ec8da70e31401f464f64eef4eb0a08
"/data/project/wdump/links/latest//avwiktionary-latest-pages-articles-multistream.xml.bz2","/mnt/nfs/dumps/avwiktionary/20260901/avwiktionary-20260901-pages-articles-multistream.xml.bz2",5876,"2026-09-01 09:04:29.962144812 +0000",439f5b4cb8dc19a0322a9524d9a5d29b844c41b16300664d347d80faa3a374ad
"/data/project/wdump/links/latest//awawiki-latest-pages-articles-multistream.xml.bz2","/mnt/nfs/dumps/awawiki/20260901/awawiki-20260901-pages-articles-multistream.xml.bz2",5861807,"2026-09-01 08:55:01.457871146 +0000",ffad949914bc0edb7885db6e4073b9b26d5bdbc16bcd78fbde5ccb0f6b40bb45
"/data/project/wdump/links/latest//aywiki-latest-pages-articles-multistream.xml.bz2","/mnt/nfs/dumps/aywiki/20260901/aywiki-20260901-pages-articles-multistream.xml.bz2",2902250,"2026-09-01 08:59:33.476091411 +0000",a5089628854b37229955e86b63cf133fd86eeda47f4242c8371099f368a9ab3c
"/data/project/wdump/links/latest//aywikibooks-latest-pages-articles-multistream.xml.bz2","/mnt/nfs/dumps/aywikibooks/20260901/aywikibooks-20260901-pages-articles-multistream.xml.bz2",4341,"2026-09-01 08:56:33.541767424 +0000",0a76c8db1f1db275902c198ba249c3e6a8aac3bf5c3d1f5c91ce46d49d90b274
"/data/project/wdump/links/latest//aywiktionary-latest-pages-articles-multistream.xml.bz2","/mnt/nfs/dumps/aywiktionary/20260901/aywiktionary-20260901-pages-articles-multistream.xml.bz2",155453,"2026-09-01 08:59:54.818545628 +0000",3ba0ab8e7f64666453b6dc27fec2f229893358931c0b550f634802c5cdd0e0aa
"/data/project/wdump/links/latest//azbwiki-latest-pages-articles-multistream.xml.bz2","/mnt/nfs/dumps/azbwiki/20260901/azbwiki-20260901-pages-articles-multistream.xml.bz2",112741252,"2026-09-01 09:05:54.364294547 +0000",97989670c0fe68c60d1b1964c0954fcf3b00f33f093f08eb76c372c35d5d8aea
"/data/project/wdump/links/latest//azwiki-latest-pages-articles-multistream.xml.bz2","/mnt/nfs/dumps/azwiki/20260901/azwiki-20260901-pages-articles-multistream.xml.bz2",351125838,"2026-09-01 12:19:39.127813633 +0000",523c3c4095f6d67d72caebed0dd0cf8d5f2fc0e86a748fa13073cd3311f72891
"/data/project/wdump/links/latest//azwikibooks-latest-pages-articles-multistream.xml.bz2","/mnt/nfs/dumps/azwikibooks/20260901/azwikibooks-20260901-pages-articles-multistream.xml.bz2",3617873,"2026-09-01 13:36:27.208592045 +0000",df010af0b2cba54aa3e00ae2b6ea7fa3812fb42dc860580ba23316537e42c415
"/data/project/wdump/links/latest//azwikimedia-latest-pages-articles-multistream.xml.bz2","/mnt/nfs/dumps/azwikimedia/20260901/azwikimedia-20260901-pages-articles-multistream.xml.bz2",31553,"2026-09-01 13:36:05.248718501 +0000",f9538815d140d06561913350368eefc0ecb5446a474866df5d988e0be9bcf8ea
"/data/project/wdump/links/latest//azwikiquote-latest-pages-articles-multistream.xml.bz2","/mnt/nfs/dumps/azwikiquote/20260901/azwikiquote-20260901-pages-articles-multistream.xml.bz2",9426400,"2026-09-01 13:37:05.544334517 +0000",c33d7bd0b1c34ed9cfc41c61bdaa9352e3fb5963d5681917d5e4e706e48d6863
"/data/project/wdump/links/latest//azwikisource-latest-pages-articles-multistream.xml.bz2","/mnt/nfs/dumps/azwikisource/20260901/azwikisource-20260901-pages-articles-multistream.xml.bz2",14919712,"2026-09-01 08:51:26.984992856 +0000",56895219fa64b6fd2423aabdd39bb0aa815517b722929a08f088cc75f56f20d6
"/data/project/wdump/links/latest//azwiktionary-latest-pages-articles-multistream.xml.bz2","/mnt/nfs/dumps/azwiktionary/20260901/azwiktionary-20260901-pages-articles-multistream.xml.bz2",10126203,"2026-09-01 14:13:33.897734958 +0000",8545e8811de50a6804e02da65b71e70cb5f05a49cfe572f9479b06a5757d9244
"/data/project/wdump/links/latest//banwiki-latest-pages-articles-multistream.xml.bz2","/mnt/nfs/dumps/banwiki/20260901/banwiki-20260901-pages-articles-multistream.xml.bz2",33830595,"2026-09-01 14:14:07.574709347 +0000",6378b6386294b3513192b07704c3a9aea0051b4790d7fd5e66b825569628231c
"/data/project/wdump/links/latest//banwikisource-latest-pages-articles-multistream.xml.bz2","/mnt/nfs/dumps/banwikisource/20260901/banwikisource-20260901-pages-articles-multistream.xml.bz2",15464450,"2026-09-01 08:52:42.990773520 +0000",a22632a51bc2d3941004971dc806b95554f69bbbc477b90c2da79dbc91cf40f2
"/data/project/wdump/links/latest//barwiki-latest-pages-articles-multistream.xml.bz2","/mnt/nfs/dumps/barwiki/20260901/barwiki-20260901-pages-articles-multistream.xml.bz2",37923003,"2026-09-01 09:00:11.311843304 +0000",a104123151304f767fe5332a84fd7130fb2ba7e84e62bd1af767e1adc8639bbc
"/data/project/wdump/links/latest//bat_smgwiki-latest-pages-articles-multistream.xml.bz2","/mnt/nfs/dumps/bat_smgwiki/20260901/bat_smgwiki-20260901-pages-articles-multistream.xml.bz2",6102739,"2026-09-01 09:04:54.754844305 +0000",b286540d0f6e46ce0c85f6ee5720421dcfe72c5285d2f7708c0abfc60c7075d8
"/data/project/wdump/links/latest//bawiki-latest-pages-articles-multistream.xml.bz2","/mnt/nfs/dumps/bawiki/20260901/bawiki-20260901-pages-articles-multistream.xml.bz2",110512187,"2026-09-01 09:14:17.993937976 +0000",9177a8a120432fef6560046bb6842604e20e245cc55c63e1eb3040c79a028c6a
"/data/project/wdump/links/latest//bawikibooks-latest-pages-articles-multistream.xml.bz2","/mnt/nfs/dumps/bawikibooks/20260901/bawikibooks-20260901-pages-articles-multistream.xml.bz2",2468905,"2026-09-01 09:09:01.754852862 +0000",854de557e50e99c8aafb9018bd1760302a2c4ea3f4db8fc409308fe1ef76396e
"/data/project/wdump/links/latest//bbcwiki-latest-pages-articles-multistream.xml.bz2","/mnt/nfs/dumps/bbcwiki/20260901/bbcwiki-20260901-pages-articles-multistream.xml.bz2",2036322,"2026-09-01 09:00:44.011657136 +0000",76677c737036285983f49fe2ce67a519679ffe19cf933d4298fac0299ae10f25
"/data/project/wdump/links/latest//bclwiki-latest-pages-articles-multistream.xml.bz2","/mnt/nfs/dumps/bclwiki/20260901/bclwiki-20260901-pages-articles-multistream.xml.bz2",34752527,"2026-09-01 09:12:54.172061264 +0000",e420d4033374dff213497fa7ef2f7cc23f376e06a164e8daba7758d55571e3fd
"/data/project/wdump/links/latest//bclwikiquote-latest-pages-articles-multistream.xml.bz2","/mnt/nfs/dumps/bclwikiquote/20260901/bclwikiquote-20260901-pages-articles-multistream.xml.bz2",1279068,"2026-09-01 09:01:36.838583727 +0000",ded911d6053080413b43c331a70d392550e2c9a13319f5834ba959bc8c69a0f9
"/data/project/wdump/links/latest//bclwikisource-latest-pages-articles-multistream.xml.bz2","/mnt/nfs/dumps/bclwikisource/20260901/bclwikisource-20260901-pages-articles-multistream.xml.bz2",1409128,"2026-09-01 09:00:44.538445762 +0000",ed268ff6ce713947e6309272b2c55f405b870189868911cd406367e90bfe91cf
"/data/project/wdump/links/latest//bclwiktionary-latest-pages-articles-multistream.xml.bz2","/mnt/nfs/dumps/bclwiktionary/20260901/bclwiktionary-20260901-pages-articles-multistream.xml.bz2",2581921,"2026-09-01 09:01:13.567434856 +0000",cfa3e406fa9d578a590331748a04322ad171188cc957da3759c38b3574fd35a3
"/data/project/wdump/links/latest//bdrwiki-latest-pages-articles-multistream.xml.bz2","/mnt/nfs/dumps/bdrwiki/20260901/bdrwiki-20260901-pages-articles-multistream.xml.bz2",1128866,"2026-09-01 09:02:22.545540846 +0000",98ebb1c2d9c32005a3b42f1a3a65f1149a7b862e4431544436c72e17402d4b69
"/data/project/wdump/links/latest//bdwikimedia-latest-pages-articles-multistream.xml.bz2","/mnt/nfs/dumps/bdwikimedia/20260901/bdwikimedia-20260901-pages-articles-multistream.xml.bz2",1413075,"2026-09-01 09:01:38.686588604 +0000",9604332309613e363c01996b212ce278bed0f1ef88b9a6f9f1c37379b43718c0
"/data/project/wdump/links/latest//be_x_oldwiki-latest-pages-articles-multistream.xml.bz2","/mnt/nfs/dumps/be_x_oldwiki/20260901/be_x_oldwiki-20260901-pages-articles-multistream.xml.bz2",134482176,"2026-09-01 12:19:54.281012890 +0000",8adb70e37d245d3a3320ff9d377ffab2fe99c7a1ed8d95ea2b60e2725bab80aa
"/data/project/wdump/links/latest//betawikiversity-latest-pages-articles-multistream.xml.bz2","/mnt/nfs/dumps/betawikiversity/20260901/betawikiversity-20260901-pages-articles-multistream.xml.bz2",7629207,"2026-09-01 09:04:33.163050090 +0000",999d86aa806a76715f8911d3396280b227ca66dd3b6743415e0f91d93a8b9d1e
"/data/project/wdump/links/latest//bewiki-latest-pages-articles-multistream.xml.bz2","/mnt/nfs/dumps/bewiki/20260901/bewiki-20260901-pages-articles-multistream.xml.bz2",345400626,"2026-09-01 13:23:27.564395970 +0000",ac24004f56ea9ef58cb416a6c82148492f85864b86a4d2c9deac57c2f099480f
"/data/project/wdump/links/latest//bewikibooks-latest-pages-articles-multistream.xml.bz2","/mnt/nfs/dumps/bewikibooks/20260901/bewikibooks-20260901-pages-articles-multistream.xml.bz2",466121,"2026-09-01 09:09:47.183884001 +0000",0af67fefa67e6769e449e8e02a15361fa2b307ab53bca594363fa248e22c3a57
"/data/project/wdump/links/latest//bewikimedia-latest-pages-articles-multistream.xml.bz2","/mnt/nfs/dumps/bewikimedia/20260901/bewikimedia-20260901-pages-articles-multistream.xml.bz2",3480651,"2026-09-01 13:58:07.064330819 +0000",62d8d23c40076a1176657e88eda42fd1f1047be89b0401437419f7f2b486ec36
"/data/project/wdump/links/latest//bewikiquote-latest-pages-articles-multistream.xml.bz2","/mnt/nfs/dumps/bewikiquote/20260901/bewikiquote-20260901-pages-articles-multistream.xml.bz2",744215,"2026-09-01 13:40:16.325097566 +0000",d66f5612a9f1b3bc0ee09ed0576b8bf56254cd5901becbd1c3fad2964f1a1b04
"/data/project/wdump/links/latest//bewikisource-latest-pages-articles-multistream.xml.bz2","/mnt/nfs/dumps/bewikisource/20260901/bewikisource-20260901-pages-articles-multistream.xml.bz2",67089789,"2026-09-01 13:42:23.813938899 +0000",e03529df1118e2d9e3e6194b021dc38e6fbbe621acd82baed54d1ff3c1e1ad24
"/data/project/wdump/links/latest//bewiktionary-latest-pages-articles-multistream.xml.bz2","/mnt/nfs/dumps/bewiktionary/20260901/bewiktionary-20260901-pages-articles-multistream.xml.bz2",2820261,"2026-09-01 13:39:24.522468242 +0000",7db70daa1e5382f807ab1f1adfd4de15b5eb3746ad82fdd80ff12444358d0fb1
"/data/project/wdump/links/latest//bewwiki-latest-pages-articles-multistream.xml.bz2","/mnt/nfs/dumps/bewwiki/20260901/bewwiki-20260901-pages-articles-multistream.xml.bz2",4127283,"2026-09-01 13:43:50.413750534 +0000",3b7ce18beafc77eb6fad1f74782961b92838bfbed997076825b9e1648ecb846a
"/data/project/wdump/links/latest//bewwiktionary-latest-pages-articles-multistream.xml.bz2","/mnt/nfs/dumps/bewwiktionary/20260901/bewwiktionary-20260901-pages-articles-multistream.xml.bz2",1119031,"2026-09-01 13:39:39.457106581 +0000",1fcfc74c92eab494916cd7050208c891936994093908d6a85d8af64285c46412
"/data/project/wdump/links/latest//bgwiki-latest-pages-articles-multistream.xml.bz2","/mnt/nfs/dumps/bgwiki/20260901/bgwiki-20260901-pages-articles-multistream.xml.bz2",501718948,"2026-09-01 14:38:33.821703615 +0000",6d406b7560acb22990035ba0f68510bde8e14de6dcf67c2cd7d08648f92a8799
"/data/project/wdump/links/latest//bgwikibooks-latest-pages-articles-multistream.xml.bz2","/mnt/nfs/dumps/bgwikibooks/20260901/bgwikibooks-20260901-pages-articles-multistream.xml.bz2",1277168,"2026-09-01 13:41:35.961417568 +0000",69d89c613d4f407a8910209a8cc38f41ca9e6a2df065b1857f877eeeaeac12af
"/data/project/wdump/links/latest//bgwikinews-latest-pages-articles-multistream.xml.bz2","/mnt/nfs/dumps/bgwikinews/20260901/bgwikinews-20260901-pages-articles-multistream.xml.bz2",1287579,"2026-09-01 13:44:28.878728998 +0000",e17d4cbde70e8aa7db0ad75aa60eda1bcbd5251655088ed62dcd9373bd247a69
"/data/project/wdump/links/latest//bgwikiquote-latest-pages-articles-multistream.xml.bz2","/mnt/nfs/dumps/bgwikiquote/20260901/bgwikiquote-20260901-pages-articles-multistream.xml.bz2",6130969,"2026-09-01 13:47:22.371781176 +0000",7d2bc8c4a219e6816fbbceef25ddd3fdf81f7dff112a6eb204a2ea00f7274801
"/data/project/wdump/links/latest//bgwikisource-latest-pages-articles-multistream.xml.bz2","/mnt/nfs/dumps/bgwikisource/20260901/bgwikisource-20260901-pages-articles-multistream.xml.bz2",6678517,"2026-09-01 13:46:25.623441787 +0000",3dcd98deb62ec727988ef1e56e929189fe9a66b2cef9756ba5d284cd3f3d58b7
"/data/project/wdump/links/latest//bgwiktionary-latest-pages-articles-multistream.xml.bz2","/mnt/nfs/dumps/bgwiktionary/20260901/bgwiktionary-20260901-pages-articles-multistream.xml.bz2",48082427,"2026-09-01 14:12:28.977590757 +0000",defe0a5f370e5833ace33b5e81405eed6432892af6ca9406dc2d700a6d6c1c8f
"/data/project/wdump/links/latest//bhwiki-latest-pages-articles-multistream.xml.bz2","/mnt/nfs/dumps/bhwiki/20260901/bhwiki-20260901-pages-articles-multistream.xml.bz2",20968400,"2026-09-01 13:51:00.766920053 +0000",3b05fac52ec37e79dabd3c7c134a8c7938312ea413e3b0c6eaff68ea04248959
"/data/project/wdump/links/latest//bhwiktionary-latest-pages-articles-multistream.xml.bz2","/mnt/nfs/dumps/bhwiktionary/20260901/bhwiktionary-20260901-pages-articles-multistream.xml.bz2",48003,"2026-09-01 13:49:11.117308845 +0000",96a44d4dea7d98247cbc2d8eca4d788ba0fafcba2f882a913e9c1b923a768691
"/data/project/wdump/links/latest//biwiki-latest-pages-articles-multistream.xml.bz2","/mnt/nfs/dumps/biwiki/20260901/biwiki-20260901-pages-articles-multistream.xml.bz2",761979,"2026-09-01 13:52:22.394939856 +0000",7ac805b0a9d8f5f82fc2cb13f31053af25208d853e9887368f3e79a44584615f
"/data/project/wdump/links/latest//biwikibooks-latest-pages-articles-multistream.xml.bz2","/mnt/nfs/dumps/biwikibooks/20260901/biwikibooks-20260901-pages-articles-multistream.xml.bz2",6159,"2026-09-01 13:50:48.420982927 +0000",4a53557877ef15a51041bfa2cbcb5a07a18431574b4803fc8148010514b5dbf7
"/data/project/wdump/links/latest//biwiktionary-latest-pages-articles-multistream.xml.bz2","/mnt/nfs/dumps/biwiktionary/20260901/biwiktionary-20260901-pages-articles-multistream.xml.bz2",46613,"2026-09-01 13:52:02.002895151 +0000",3d7bf02ef327ac6e81966ad7ef9f6eb2b86b342014562e20b78e55a1b70082ed
"/data/project/wdump/links/latest//bjnwiki-latest-pages-articles-multistream.xml.bz2","/mnt/nfs/dumps/bjnwiki/20260901/bjnwiki-20260901-pages-articles-multistream.xml.bz2",9342815,"2026-09-01 14:01:24.620516159 +0000",bb22cebff899e58c76cf5c36ceefd732c8d49e3b44a28e24594b5966e9080ba3
"/data/project/wdump/links/latest//bjnwikiquote-latest-pages-articles-multistream.xml.bz2","/mnt/nfs/dumps/bjnwikiquote/20260901/bjnwikiquote-20260901-pages-articles-multistream.xml.bz2",2066719,"2026-09-01 14:00:59.176377827 +0000",62295847899ecd1a6f7574074419e2a5c3206fe26e93ae87f2b710d2d8b61145
"/data/project/wdump/links/latest//bjnwiktionary-latest-pages-articles-multistream.xml.bz2","/mnt/nfs/dumps/bjnwiktionary/20260901/bjnwiktionary-20260901-pages-articles-multistream.xml.bz2",3450697,"2026-09-01 14:10:39.881347969 +0000",9cf3c773656f379818fc1a07fa7345ee8d4771255679b1529a8580f2667c4d28
"/data/project/wdump/links/latest//blkwiki-latest-pages-articles-multistream.xml.bz2","/mnt/nfs/dumps/blkwiki/20260901/blkwiki-20260901-pages-articles-multistream.xml.bz2",6819230,"2026-09-01 14:03:03.121050292 +0000",11a3730c55ce038038006768efd85a13653b8be6f52f0464481f1f6af81a5eb9
"/data/project/wdump/links/latest//blkwiktionary-latest-pages-articles-multistream.xml.bz2","/mnt/nfs/dumps/blkwiktionary/20260901/blkwiktionary-20260901-pages-articles-multistream.xml.bz2",4908206,"2026-09-01 14:02:21.144252790 +0000",5e94907d9ce2d8576d25e7cd58830f9ba001a6ee9e9f6d495ce55c08c39128da
"/data/project/wdump/links/latest//bmwiki-latest-pages-articles-multistream.xml.bz2","/mnt/nfs/dumps/bmwiki/20260901/bmwiki-20260901-pages-articles-multistream.xml.bz2",901703,"2026-09-01 14:06:13.468762322 +0000",e7941b554c7081b64a96d6007696fc3740aaf70918f9db1ba5ddc9401786684f
"/data/project/wdump/links/latest//bmwikibooks-latest-pages-articles-multistream.xml.bz2","/mnt/nfs/dumps/bmwikibooks/20260901/bmwikibooks-20260901-pages-articles-multistream.xml.bz2",9926,"2026-09-01 14:05:18.728075191 +0000",5fc5db9c4653be248c19a5ed9a72fb8185996e3d4a118dfde03cfa4f95e5c74d
"/data/project/wdump/links/latest//bmwikiquote-latest-pages-articles-multistream.xml.bz2","/mnt/nfs/dumps/bmwikiquote/20260901/bmwikiquote-20260901-pages-articles-multistream.xml.bz2",5874,"2026-09-01 14:05:17.496639561 +0000",3bdef9e3c0156456a45634be42c6d978df17206de58d6338ca0dd3adb6480148
"/data/project/wdump/links/latest//bmwiktionary-latest-pages-articles-multistream.xml.bz2","/mnt/nfs/dumps/bmwiktionary/20260901/bmwiktionary-20260901-pages-articles-multistream.xml.bz2",7383,"2026-09-01 09:08:59.667757613 +0000",9395c173fb60c26129bdfd415df7b223c0bb0199c51203403514d260ac75ba84
"/data/project/wdump/links/latest//bnwiki-latest-pages-articles-multistream.xml.bz2","/mnt/nfs/dumps/bnwiki/20260901/bnwiki-20260901-pages-articles-multistream.xml.bz2",562128788,"2026-09-01 13:16:50.311155651 +0000",16ba303a84dd4a580d1af29c7102652c98a95e6147067e386cf1596daed103c8
"/data/project/wdump/links/latest//bnwikibooks-latest-pages-articles-multistream.xml.bz2","/mnt/nfs/dumps/bnwikibooks/20260901/bnwikibooks-20260901-pages-articles-multistream.xml.bz2",19251716,"2026-09-01 09:09:21.843303372 +0000",b9c7323e9b54aff046f19ffa25278801ec42b030ec170f55c1d3936be576c4eb
"/data/project/wdump/links/latest//bnwikiquote-latest-pages-articles-multistream.xml.bz2","/mnt/nfs/dumps/bnwikiquote/20260901/bnwikiquote-20260901-pages-articles-multistream.xml.bz2",17083730,"2026-09-01 09:09:13.556279070 +0000",90563bd7064848d735ada2e0a36d7e71fe00bb7afc3bd9e06b3f51ef49480e45
"/data/project/wdump/links/latest//bnwikisource-latest-pages-articles-multistream.xml.bz2","/mnt/nfs/dumps/bnwikisource/20260901/bnwikisource-20260901-pages-articles-multistream.xml.bz2",377049941,"2026-09-01 09:19:03.876334049 +0000",3423d01c2d28ae144f2fe3b4ae8d2e90fc3115f6968f3d27bdf986cfb1ad7db7
"/data/project/wdump/links/latest//bnwikivoyage-latest-pages-articles-multistream.xml.bz2","/mnt/nfs/dumps/bnwikivoyage/20260901/bnwikivoyage-20260901-pages-articles-multistream.xml.bz2",16856576,"2026-09-01 09:07:10.539467592 +0000",6af030ec95e0d09452a533230219221633564e43d8f352a15a24266350061dcc
"/data/project/wdump/links/latest//bnwiktionary-latest-pages-articles-multistream.xml.bz2","/mnt/nfs/dumps/bnwiktionary/20260901/bnwiktionary-20260901-pages-articles-multistream.xml.bz2",47605868,"2026-09-01 09:11:06.927532561 +0000",f41727d2cc1503a55766994ab9d322ec22982222d304948fd6674b05ecb8b20a
"/data/project/wdump/links/latest//bolwiki-latest-pages-articles-multistream.xml.bz2","/mnt/nfs/dumps/bolwiki/20260901/bolwiki-20260901-pages-articles-multistream.xml.bz2",1485720,"2026-09-10 08:19:23.650298690 +0000",b99e2f66e46fd71a13a3280d76188058a6d647ce3f85070ea713d37d8c625b6c
"/data/project/wdump/links/latest//bowiki-latest-pages-articles-multistream.xml.bz2","/mnt/nfs/dumps/bowiki/20260901/bowiki-20260901-pages-articles-multistream.xml.bz2",19152493,"2026-09-01 09:07:39.471544445 +0000",df7d11b01e3604d95424fddd0c893a53d21acae176581b16aa7b3c62ebc98d30
"/data/project/wdump/links/latest//bowikibooks-latest-pages-articles-multistream.xml.bz2","/mnt/nfs/dumps/bowikibooks/20260901/bowikibooks-20260901-pages-articles-multistream.xml.bz2",6680,"2026-09-01 08:52:55.286693514 +0000",f87f156ca53c3bae831e05949c15afa61a91c4db180648b1c49d4b3f78ee6601
"/data/project/wdump/links/latest//bowiktionary-latest-pages-articles-multistream.xml.bz2","/mnt/nfs/dumps/bowiktionary/20260901/bowiktionary-20260901-pages-articles-multistream.xml.bz2",43702,"2026-09-01 09:18:52.672083481 +0000",0c0215cfdfec26f64ddf94b958012aeb6b256965dee18ef1fd892cabd132b56d
"/data/project/wdump/links/latest//bpywiki-latest-pages-articles-multistream.xml.bz2","/mnt/nfs/dumps/bpywiki/20260901/bpywiki-20260901-pages-articles-multistream.xml.bz2",6100472,"2026-09-01 13:10:23.390507447 +0000",dd12e8d1d40845a8e76773e1c5c6e5ebbd58195e2add1ccf2e8f84841373e215
"/data/project/wdump/links/latest//brwiki-latest-pages-articles-multistream.xml.bz2","/mnt/nfs/dumps/brwiki/20260901/brwiki-20260901-pages-articles-multistream.xml.bz2",71091862,"2026-09-01 13:11:28.403683550 +0000",0ec76d3c2ea4099f01f43db0b01944e91d41c3715e3399d6148b92902c144433
"/data/project/wdump/links/latest//brwikimedia-latest-pages-articles-multistream.xml.bz2","/mnt/nfs/dumps/brwikimedia/20260901/brwikimedia-20260901-pages-articles-multistream.xml.bz2",3890058,"2026-09-01 09:18:53.437340031 +0000",259cdaf39b3eba98eecadd4a8bf875110a5444e915dfb52876aaadcb36da7e5c
"/data/project/wdump/links/latest//brwikiquote-latest-pages-articles-multistream.xml.bz2","/mnt/nfs/dumps/brwikiquote/20260901/brwikiquote-20260901-pages-articles-multistream.xml.bz2",534649,"2026-09-01 13:12:03.483528762 +0000",cf9fb28552fabaae982a7a19471bd37bf69923724b36e09de9d7a4c5f7364f5d
"/data/project/wdump/links/latest//brwikisource-latest-pages-articles-multistream.xml.bz2","/mnt/nfs/dumps/brwikisource/20260901/brwikisource-20260901-pages-articles-multistream.xml.bz2",28891395,"2026-09-01 14:05:54.125973241 +0000",647e067277a2dc9c3cf93f2b50af35d413fcec2876a45adc1195293cbce7337c
"/data/project/wdump/links/latest//brwiktionary-latest-pages-articles-multistream.xml.bz2","/mnt/nfs/dumps/brwiktionary/20260901/brwiktionary-20260901-pages-articles-multistream.xml.bz2",12043927,"2026-09-01 13:52:48.418996911 +0000",5c02986129027313c16de6645959871acc510096ee7f82eb0805ecd4100e6de3
"/data/project/wdump/links/latest//bswiki-latest-pages-articles-multistream.xml.bz2","/mnt/nfs/dumps/bswiki/20260901/bswiki-20260901-pages-articles-multistream.xml.bz2",189799543,"2026-09-01 14:26:31.663411851 +0000",3550ebaafbbb1014c8bdfa88ede4ad1cd3140e6c86107a3da2960f570d6141a4
"/data/project/wdump/links/latest//bswikibooks-latest-pages-articles-multistream.xml.bz2","/mnt/nfs/dumps/bswikibooks/20260901/bswikibooks-20260901-pages-articles-multistream.xml.bz2",246213,"2026-09-01 08:52:34.189066356 +0000",c47e56fda58b5f84ce5bcce4587a3fd9cb3c12e42f15ba7be34936d074b74f48
"/data/project/wdump/links/latest//bswikinews-latest-pages-articles-multistream.xml.bz2","/mnt/nfs/dumps/bswikinews/20260901/bswikinews-20260901-pages-articles-multistream.xml.bz2",714142,"2026-09-01 13:54:03.719448892 +0000",5fea9feb6a4b9810f4be8cc273343fc868f8eaacc1ef07d727e48c07cd3c4bbe
"/data/project/wdump/links/latest//bswikiquote-latest-pages-articles-multistream.xml.bz2","/mnt/nfs/dumps/bswikiquote/20260901/bswikiquote-20260901-pages-articles-multistream.xml.bz2",3086918,"2026-09-01 14:12:28.328086926 +0000",26331e6e17b58432547339b3fefd19f33ef5d81c5b81ec0f2e170dc3ecb4b8f8
"/data/project/wdump/links/latest//bswikisource-latest-pages-articles-multistream.xml.bz2","/mnt/nfs/dumps/bswikisource/20260901/bswikisource-20260901-pages-articles-multistream.xml.bz2",5493443,"2026-09-01 13:54:38.403580398 +0000",66465f6840220489ea59ae08beb6caef17ff2c13d0ccab12a8e84202f226b0dd
"/data/project/wdump/links/latest//bswiktionary-latest-pages-articles-multistream.xml.bz2","/mnt/nfs/dumps/bswiktionary/20260901/bswiktionary-20260901-pages-articles-multistream.xml.bz2",91390,"2026-09-01 13:54:38.763238838 +0000",6748e69fb6d0f7968ef3869562db2b69be874237239c5f18813409d2b8a234ca
"/data/project/wdump/links/latest//btmwiki-latest-pages-articles-multistream.xml.bz2","/mnt/nfs/dumps/btmwiki/20260901/btmwiki-20260901-pages-articles-multistream.xml.bz2",1826862,"2026-09-01 14:09:58.791286839 +0000",a92291f6b2c2838df8d919977df16fe1b644ec9b01312060a3c8f1a3599578aa
"/data/project/wdump/links/latest//btmwiktionary-latest-pages-articles-multistream.xml.bz2","/mnt/nfs/dumps/btmwiktionary/20260901/btmwiktionary-20260901-pages-articles-multistream.xml.bz2",617293,"2026-09-01 13:56:53.719033665 +0000",b3b70ced5c75bc8fecc79a163f1f3fc3029bcfb3c2fb6363f826c5141ce4b320
"/data/project/wdump/links/latest//bugwiki-latest-pages-articles-multistream.xml.bz2","/mnt/nfs/dumps/bugwiki/20260901/bugwiki-20260901-pages-articles-multistream.xml.bz2",2713155,"2026-09-01 14:00:04.464079811 +0000",b5854120b76760f8efbaae08735f39f7073eae672d2c1b1235470126532a9096
"/data/project/wdump/links/latest//bxrwiki-latest-pages-articles-multistream.xml.bz2","/mnt/nfs/dumps/bxrwiki/20260901/bxrwiki-20260901-pages-articles-multistream.xml.bz2",5715325,"2026-09-01 14:12:28.523322812 +0000",4a7017340d7a5f6f30ace812b188f48bb84940f40bb6bec52feae8a58dc0e65d
"/data/project/wdump/links/latest//cawiki-latest-pages-articles-multistream.xml.bz2","/mnt/nfs/dumps/cawiki/20260901/cawiki-20260901-pages-articles-multistream.xml.bz2",1481694197,"2026-09-01 17:35:20.046547695 +0000",a57d11940edcb607913ad8cc690151fa4bdc5787be1d3ceba52425d08799f988
"/data/project/wdump/links/latest//cawikibooks-latest-pages-articles-multistream.xml.bz2","/mnt/nfs/dumps/cawikibooks/20260901/cawikibooks-20260901-pages-articles-multistream.xml.bz2",5684153,"2026-09-01 10:36:13.792402344 +0000",1c88ad6a239964b943e582399cbbd6caad15686ca07167dc22cb9af8cd7d367f
"/data/project/wdump/links/latest//cawikimedia-latest-pages-articles-multistream.xml.bz2","/mnt/nfs/dumps/cawikimedia/20260901/cawikimedia-20260901-pages-articles-multistream.xml.bz2",2040700,"2026-09-01 10:37:05.779453342 +0000",693cce105af16541bc4ed0a5badc1a518bc7d39572c81b89c09a03b8743d8eab
"/data/project/wdump/links/latest//cawikinews-latest-pages-articles-multistream.xml.bz2","/mnt/nfs/dumps/cawikinews/20260901/cawikinews-20260901-pages-articles-multistream.xml.bz2",5307583,"2026-09-01 10:36:39.152408384 +0000",016977bf324194a9c716829d224d049174c89b48e726ed0d7c8cb47c70a261a3
"/data/project/wdump/links/latest//cawikiquote-latest-pages-articles-multistream.xml.bz2","/mnt/nfs/dumps/cawikiquote/20260901/cawikiquote-20260901-pages-articles-multistream.xml.bz2",5994690,"2026-09-01 10:38:46.397940491 +0000",3cf728e4153b984760f476980a032dbd2de39871566940386d1f3e06b6fce1e1
"/data/project/wdump/links/latest//cawikisource-latest-pages-articles-multistream.xml.bz2","/mnt/nfs/dumps/cawikisource/20260901/cawikisource-20260901-pages-articles-multistream.xml.bz2",25618298,"2026-09-01 10:39:36.577257949 +0000",8c6e4be1e61df2e49d73f4b575f33f54fa838992c8422f4ef21e1706ff8f8499
"/data/project/wdump/links/latest//cawiktionary-latest-pages-articles-multistream.xml.bz2","/mnt/nfs/dumps/cawiktionary/20260901/cawiktionary-20260901-pages-articles-multistream.xml.bz2",63746113,"2026-09-01 10:47:10.529446277 +0000",732645d97de69f29b5bdcffff23b12311392e2747a50ac58d4f73790b4a09b7b
"/data/project/wdump/links/latest//cbk_zamwiki-latest-pages-articles-multistream.xml.bz2","/mnt/nfs/dumps/cbk_zamwiki/20260901/cbk_zamwiki-20260901-pages-articles-multistream.xml.bz2",4731839,"2026-09-01 10:39:53.490089278 +0000",00c9db787bae4d988530a7331bf944ab89c248c20595140333b810e4a96ad169
"/data/project/wdump/links/latest//cdowiki-latest-pages-articles-multistream.xml.bz2","/mnt/nfs/dumps/cdowiki/20260901/cdowiki-20260901-pages-articles-multistream.xml.bz2",6420306,"2026-09-01 10:40:53.836203860 +0000",d04f422a97efd912006bb1b4fc38e8ad9b0409dfc78144678c05166a8246366f
"/data/project/wdump/links/latest//cebwiki-latest-pages-articles-multistream.xml.bz2","/mnt/nfs/dumps/cebwiki/20260901/cebwiki-20260901-pages-articles-multistream.xml.bz2",2293741222,"2026-09-01 21:25:15.020007042 +0000",375e403854e987ccb24eaa54cc30734ba08eb04d24532da5623067116cb62f9a
"/data/project/wdump/links/latest//cewiki-latest-pages-articles-multistream.xml.bz2","/mnt/nfs/dumps/cewiki/20260901/cewiki-20260901-pages-articles-multistream.xml.bz2",166848492,"2026-09-01 14:12:49.249732444 +0000",8aa45bdd56a032f22ea735fe897bb4a18dfaaad4f2d333654da3b0315bee1cda
"/data/project/wdump/links/latest//chowiki-latest-pages-articles-multistream.xml.bz2","/mnt/nfs/dumps/chowiki/20260901/chowiki-20260901-pages-articles-multistream.xml.bz2",17620,"2026-09-01 10:40:49.844216139 +0000",47c502235d2213866dce2eda3826edd5e9bc8ac0cb4895ef8c1e40be806855f1
"/data/project/wdump/links/latest//chrwiki-latest-pages-articles-multistream.xml.bz2","/mnt/nfs/dumps/chrwiki/20260901/chrwiki-20260901-pages-articles-multistream.xml.bz2",904680,"2026-09-01 09:58:16.497535126 +0000",105bb63cd506866356f0f689d349f97ab8fc00dcf396bf7efc10cbeb8c910597
"/data/project/wdump/links/latest//chrwiktionary-latest-pages-articles-multistream.xml.bz2","/mnt/nfs/dumps/chrwiktionary/20260901/chrwiktionary-20260901-pages-articles-multistream.xml.bz2",254412,"2026-09-01 10:24:15.972899977 +0000",ec8fd78f1a4cd8ce3fba2da4f1ea6451071d0c83c003085bd0a0e444f7233f2b
"/data/project/wdump/links/latest//chwiki-latest-pages-articles-multistream.xml.bz2","/mnt/nfs/dumps/chwiki/20260901/chwiki-20260901-pages-articles-multistream.xml.bz2",876785,"2026-09-01 10:23:34.872622920 +0000",da600606c4d069b52fa3e0033e05a54d4d20bcb908fd93a3e111cf7a5d8d2c0f
"/data/project/wdump/links/latest//chwikibooks-latest-pages-articles-multistream.xml.bz2","/mnt/nfs/dumps/chwikibooks/20260901/chwikibooks-20260901-pages-articles-multistream.xml.bz2",7466,"2026-09-01 10:24:14.824739284 +0000",1e3c7e85a62c2d08f6b6a568d51a10b007c5581c323cf00b8ca9efa6cc8ea1ff
"/data/project/wdump/links/latest//chwiktionary-latest-pages-articles-multistream.xml.bz2","/mnt/nfs/dumps/chwiktionary/20260901/chwiktionary-20260901-pages-articles-multistream.xml.bz2",4030,"2026-09-01 10:24:39.376648101 +0000",1663b813a1f9edfbcefc2219c4fe302742fad06db49dab5e1e26311bc9b35b30
"/data/project/wdump/links/latest//chywiki-latest-pages-articles-multistream.xml.bz2","/mnt/nfs/dumps/chywiki/20260901/chywiki-20260901-pages-articles-multistream.xml.bz2",449916,"2026-09-01 10:24:16.360743754 +0000",2a62e226cfc65645f2b56cd62585b5000e2822766a1b881db8446efe695e983f
"/data/project/wdump/links/latest//ckbwiki-latest-pages-articles-multistream.xml.bz2","/mnt/nfs/dumps/ckbwiki/20260901/ckbwiki-20260901-pages-articles-multistream.xml.bz2",89781274,"2026-09-01 10:40:31.668155616 +0000",d9e7aa5d8a4b14de5a4b886be3d4ec656bef3368cb6d116eecb1e8aaf7825290
"/data/project/wdump/links/latest//ckbwiktionary-latest-pages-articles-multistream.xml.bz2","/mnt/nfs/dumps/ckbwiktionary/20260901/ckbwiktionary-20260901-pages-articles-multistream.xml.bz2",3220277,"2026-09-01 09:59:25.877192459 +0000",6ba46eb2baf2562d50da15c27131209bd2ee41a0c1ae97b480d713f4e3ecc5f5
"/data/project/wdump/links/latest//cnwikimedia-latest-pages-articles-multistream.xml.bz2","/mnt/nfs/dumps/cnwikimedia/20260901/cnwikimedia-20260901-pages-articles-multistream.xml.bz2",11464,"2026-09-01 10:09:09.165839345 +0000",676199b97f31873eda86371476d83f00c6d3551fa2ccfbade33bebba80a59482
"/data/project/wdump/links/latest//commonswiki-latest-pages-articles-multistream.xml.bz2","/mnt/nfs/dumps/commonswiki/20260901/commonswiki-20260901-pages-articles-multistream.xml.bz2",125416786434,"2026-09-06 18:48:55.207490798 +0000",d86fc180fb43d5b91c1dcbf37488e7bd5a8e984aaeec627c546fc542f13c33ea
"/data/project/wdump/links/latest//cowiki-latest-pages-articles-multistream.xml.bz2","/mnt/nfs/dumps/cowiki/20260901/cowiki-20260901-pages-articles-multistream.xml.bz2",7896074,"2026-09-01 10:12:19.152832961 +0000",758091f3c6315e8a105d40b9d9f1544703fc98a1d9d7f250867e001c11c23f8e
"/data/project/wdump/links/latest//cowikibooks-latest-pages-articles-multistream.xml.bz2","/mnt/nfs/dumps/cowikibooks/20260901/cowikibooks-20260901-pages-articles-multistream.xml.bz2",61183,"2026-09-01 10:11:00.150354472 +0000",5384e70380199ee64867beae02660b3c1061309036efd53bb56b846fbede18a3
"/data/project/wdump/links/latest//cowikimedia-latest-pages-articles-multistream.xml.bz2","/mnt/nfs/dumps/cowikimedia/20260901/cowikimedia-20260901-pages-articles-multistream.xml.bz2",764300,"2026-09-01 10:10:39.266288506 +0000",6fb2af86497ac3ae95515cef9a10357a2cc2bfef79e6020ea9adc4620515b818
"/data/project/wdump/links/latest//cowikiquote-latest-pages-articles-multistream.xml.bz2","/mnt/nfs/dumps/cowikiquote/20260901/cowikiquote-20260901-pages-articles-multistream.xml.bz2",25008,"2026-09-01 10:11:01.703192284 +0000",f50b29f5799f5f72b372c1e61adb79f638835f3e240c64f56a77ed41349688e6
"/data/project/wdump/links/latest//cowiktionary-latest-pages-articles-multistream.xml.bz2","/mnt/nfs/dumps/cowiktionary/20260901/cowiktionary-20260901-pages-articles-multistream.xml.bz2",1287039,"2026-09-01 10:12:14.462477645 +0000",0119f80f005536f060ac9d3e1af7a73292d006488440d1b27e4f686f8d4bb311
"/data/project/wdump/links/latest//crhwiki-latest-pages-articles-multistream.xml.bz2","/mnt/nfs/dumps/crhwiki/20260901/crhwiki-20260901-pages-articles-multistream.xml.bz2",11720195,"2026-09-01 10:15:02.339102794 +0000",52425223d4b91564d1058f98239ac89aecac3a6e5b6ae9130e24bf81cc12dfeb
"/data/project/wdump/links/latest//crwiki-latest-pages-articles-multistream.xml.bz2","/mnt/nfs/dumps/crwiki/20260901/crwiki-20260901-pages-articles-multistream.xml.bz2",5820,"2026-09-01 10:11:33.950076712 +0000",5ab09ed753d809adf5319b89716d3f56ce981b47e90e8b0bbc6d1480371311b2
"/data/project/wdump/links/latest//crwikiquote-latest-pages-articles-multistream.xml.bz2","/mnt/nfs/dumps/crwikiquote/20260901/crwikiquote-20260901-pages-articles-multistream.xml.bz2",5048,"2026-09-01 10:14:53.503075949 +0000",1f4786603fec3994702a01df9ceacf7412d333a152e32548b9cccb7be31b87be
"/data/project/wdump/links/latest//crwiktionary-latest-pages-articles-multistream.xml.bz2","/mnt/nfs/dumps/crwiktionary/20260901/crwiktionary-20260901-pages-articles-multistream.xml.bz2",5177,"2026-09-01 10:12:36.271016241 +0000",995052f281f012063ca72707c4ccea1f09effc001f6e62705b8872276f3a3a0f
"/data/project/wdump/links/latest//csbwiki-latest-pages-articles-multistream.xml.bz2","/mnt/nfs/dumps/csbwiki/20260901/csbwiki-20260901-pages-articles-multistream.xml.bz2",3667965,"2026-09-01 10:08:45.666101512 +0000",7d02c52e3889b8a06134fad38be11915e451bb2bacc35b57558c86a88ac36119
"/data/project/wdump/links/latest//csbwiktionary-latest-pages-articles-multistream.xml.bz2","/mnt/nfs/dumps/csbwiktionary/20260901/csbwiktionary-20260901-pages-articles-multistream.xml.bz2",314230,"2026-09-01 10:12:36.399019398 +0000",624a22cd5561398e6cafb36cdbe2d6b0a494ab37623c53e1a820d3c88bb9342a
"/data/project/wdump/links/latest//cswiki-latest-pages-articles-multistream.xml.bz2","/mnt/nfs/dumps/cswiki/20260901/cswiki-20260901-pages-articles-multistream.xml.bz2",1372841489,"2026-09-01 14:38:26.865218067 +0000",43bd2393198686fcda3c0704ba77bcc265db25cd676bc61081773021f00c63a4
"/data/project/wdump/links/latest//cswikibooks-latest-pages-articles-multistream.xml.bz2","/mnt/nfs/dumps/cswikibooks/20260901/cswikibooks-20260901-pages-articles-multistream.xml.bz2",5641313,"2026-09-01 10:11:01.718359416 +0000",3c61f6117e757c11f9807097d863b067094a30701af45683522a92438976b7da
"/data/project/wdump/links/latest//cswikinews-latest-pages-articles-multistream.xml.bz2","/mnt/nfs/dumps/cswikinews/20260901/cswikinews-20260901-pages-articles-multistream.xml.bz2",6015973,"2026-09-01 10:11:47.621909082 +0000",c04f4c423db3f1214f8e9a49dde8fcfd9acd04874cea7673714d72fb97263f53
"/data/project/wdump/links/latest//cswikiquote-latest-pages-articles-multistream.xml.bz2","/mnt/nfs/dumps/cswikiquote/20260901/cswikiquote-20260901-pages-articles-multistream.xml.bz2",9568915,"2026-09-01 10:13:29.008313324 +0000",0d5b5014060ebe1bcd93c304122a0e0280275be4a63c50509e4a862c8430a74d
"/data/project/wdump/links/latest//cswikisource-latest-pages-articles-multistream.xml.bz2","/mnt/nfs/dumps/cswikisource/20260901/cswikisource-20260901-pages-articles-multistream.xml.bz2",92220475,"2026-09-01 10:33:24.888704575 +0000",40a5664126cca7820477342d26b513271cc62bbaba07c4732c5a8696328d8564
"/data/project/wdump/links/latest//cswikiversity-latest-pages-articles-multistream.xml.bz2","/mnt/nfs/dumps/cswikiversity/20260901/cswikiversity-20260901-pages-articles-multistream.xml.bz2",10950354,"2026-09-01 10:29:46.041124214 +0000",b6cad3300b8186118582509e9f75dcb398617feab063f05d9a305006f9067c98
"/data/project/wdump/links/latest//cswikivoyage-latest-pages-articles-multistream.xml.bz2","/mnt/nfs/dumps/cswikivoyage/20260901/cswikivoyage-20260901-pages-articles-multistream.xml.bz2",1233517,"2026-09-01 10:32:11.722374566 +0000",1d6cf2ec687d3e782a71c6545ba441f231a30530158523efc6041041a02ccaba
"/data/project/wdump/links/latest//cswiktionary-latest-pages-articles-multistream.xml.bz2","/mnt/nfs/dumps/cswiktionary/20260901/cswiktionary-20260901-pages-articles-multistream.xml.bz2",56309978,"2026-09-01 10:40:55.076043155 +0000",f800c92edd0cf2b109711317bdc16671b89d1cc4724bb77f50d0100ae08461ab
"/data/project/wdump/links/latest//cuwiki-latest-pages-articles-multistream.xml.bz2","/mnt/nfs/dumps/cuwiki/20260901/cuwiki-20260901-pages-articles-multistream.xml.bz2",1006954,"2026-09-01 09:59:24.877197485 +0000",8403f53600219652c66af439683184c5d6d4c2a509eba5b54f0f1c0b6b8c781c
"/data/project/wdump/links/latest//cvwiki-latest-pages-articles-multistream.xml.bz2","/mnt/nfs/dumps/cvwiki/20260901/cvwiki-20260901-pages-articles-multistream.xml.bz2",45090609,"2026-09-01 10:18:12.091672988 +0000",d5ec82405c8a40dde20751f2907ba630f36b5838777652795075e44d22bb4151
"/data/project/wdump/links/latest//cvwikibooks-latest-pages-articles-multistream.xml.bz2","/mnt/nfs/dumps/cvwikibooks/20260901/cvwikibooks-20260901-pages-articles-multistream.xml.bz2",173554,"2026-09-01 10:01:25.287199680 +0000",bbb2128d286af3a061e156e92881ffe6e015de9bdfbefb32bfe4a1b9bb2b3f9a
"/data/project/wdump/links/latest//cywiki-latest-pages-articles-multistream.xml.bz2","/mnt/nfs/dumps/cywiki/20260901/cywiki-20260901-pages-articles-multistream.xml.bz2",162425598,"2026-09-01 11:28:54.823630066 +0000",49777b9cb7d3453414e31def33eb3fcd5a302b60cc504436edb308cea5191c45
"/data/project/wdump/links/latest//cywikibooks-latest-pages-articles-multistream.xml.bz2","/mnt/nfs/dumps/cywikibooks/20260901/cywikibooks-20260901-pages-articles-multistream.xml.bz2",109092,"2026-09-01 10:32:13.219207356 +0000",1c1eb47b5ac916147ccae3623ca56ab1ebe95471da6e745d404acd2a358312bb
"/data/project/wdump/links/latest//cywikiquote-latest-pages-articles-multistream.xml.bz2","/mnt/nfs/dumps/cywikiquote/20260901/cywikiquote-20260901-pages-articles-multistream.xml.bz2",424239,"2026-09-01 10:13:47.776298418 +0000",da2b92f03c4e0a7d770a4504dfdcfb1cc64c8828197792ed82f3419474f41a6d
"/data/project/wdump/links/latest//cywikisource-latest-pages-articles-multistream.xml.bz2","/mnt/nfs/dumps/cywikisource/20260901/cywikisource-20260901-pages-articles-multistream.xml.bz2",41519453,"2026-09-01 10:14:53.082367006 +0000",f434ce45296f1b543f6f3e63a4871c281b162de4f03e7d467770568b7fb6bd38
"/data/project/wdump/links/latest//cywiktionary-latest-pages-articles-multistream.xml.bz2","/mnt/nfs/dumps/cywiktionary/20260901/cywiktionary-20260901-pages-articles-multistream.xml.bz2",4131242,"2026-09-01 10:22:07.146266139 +0000",fdfb6bec602cc8318c8d9dbf5bc316bc80bebb97820e35b4711a532a96fda13b
"/data/project/wdump/links/latest//dagwiki-latest-pages-articles-multistream.xml.bz2","/mnt/nfs/dumps/dagwiki/20260901/dagwiki-20260901-pages-articles-multistream.xml.bz2",41284709,"2026-09-01 10:22:51.252495621 +0000",dc0a349414a9bd8c87691f25ffbd40d1bedbd072d48cd336489d5389909ccdf4
"/data/project/wdump/links/latest//dawiki-latest-pages-articles-multistream.xml.bz2","/mnt/nfs/dumps/dawiki/20260901/dawiki-20260901-pages-articles-multistream.xml.bz2",490616461,"2026-09-01 11:29:31.901232699 +0000",77c27d52fed8fd76c32eb49055c9c9348b43f138b2b5a5babdb361e8457bc3bc
"/data/project/wdump/links/latest//dawikibooks-latest-pages-articles-multistream.xml.bz2","/mnt/nfs/dumps/dawikibooks/20260901/dawikibooks-20260901-pages-articles-multistream.xml.bz2",7897884,"2026-09-01 10:15:37.379527783 +0000",841f23cfaf41bc31ef637c14fda1d96ba14b3922edefb84ad244d002bcb92ade
"/data/project/wdump/links/latest//dawikiquote-latest-pages-articles-multistream.xml.bz2","/mnt/nfs/dumps/dawikiquote/20260901/dawikiquote-20260901-pages-articles-multistream.xml.bz2",985317,"2026-09-01 10:20:36.128005891 +0000",d289bf8e024f39736bf9dad6fe82856f3bc2d3f6a3624975bd87132f51507fa2
"/data/project/wdump/links/latest//dawikisource-latest-pages-articles-multistream.xml.bz2","/mnt/nfs/dumps/dawikisource/20260901/dawikisource-20260901-pages-articles-multistream.xml.bz2",84164166,"2026-09-01 10:24:32.532790796 +0000",c644829ca1dd1be8bd616e1960a367efadc6762df73a53324c87490861a2216c
"/data/project/wdump/links/latest//dawiktionary-latest-pages-articles-multistream.xml.bz2","/mnt/nfs/dumps/dawiktionary/20260901/dawiktionary-20260901-pages-articles-multistream.xml.bz2",9076172,"2026-09-01 10:26:51.719197310 +0000",8aaf15e6a29d270d3db736efce6cbc371b3b044ef1930857f10a1d5d19656beb
"/data/project/wdump/links/latest//de_labswikimedia-latest-pages-articles-multistream.xml.bz2","/mnt/nfs/dumps/de_labswikimedia/20130303/de_labswikimedia-20130303-pages-articles-multistream.xml.bz2",6811374,"2013-03-03 20:25:38.000000000 +0000",62cdfd649ce5e896113b0ec18566e8f7dbadef9ad44a627dff2fc3a3dc6869a3
"/data/project/wdump/links/latest//dewiki-latest-pages-articles-multistream.xml.bz2","/mnt/nfs/dumps/dewiki/20260901/dewiki-20260901-pages-articles-multistream.xml.bz2",8249997972,"2026-09-07 17:54:35.199723257 +0000",1e38f6c694d1ae97d015addb7bfbeb058728ee24bf51ed1e4322c8c250933b37
"/data/project/wdump/links/latest//dewikibooks-latest-pages-articles-multistream.xml.bz2","/mnt/nfs/dumps/dewikibooks/20260901/dewikibooks-20260901-pages-articles-multistream.xml.bz2",111145945,"2026-09-01 10:28:30.961822877 +0000",3c2e8a33c4a8c74b87740ef21a86fbb8cbd75a2da03e89a4bbd2ec8a07c63746
"/data/project/wdump/links/latest//dewikinews-latest-pages-articles-multistream.xml.bz2","/mnt/nfs/dumps/dewikinews/20260901/dewikinews-20260901-pages-articles-multistream.xml.bz2",22174569,"2026-09-01 10:25:36.353718243 +0000",b54d1c5a12ffde88d7939cb610bed41ddd1836b779ed2fdb3ad7f09c7422adb2
"/data/project/wdump/links/latest//dewikiquote-latest-pages-articles-multistream.xml.bz2","/mnt/nfs/dumps/dewikiquote/20260901/dewikiquote-20260901-pages-articles-multistream.xml.bz2",8688879,"2026-09-01 10:27:10.707169727 +0000",a207fa9a4b4b8790cc0c6e26848750b5fcfb164f1ea5101135c9fa67143e4b59
"/data/project/wdump/links/latest//dewikisource-latest-pages-articles-multistream.xml.bz2","/mnt/nfs/dumps/dewikisource/20260901/dewikisource-20260901-pages-articles-multistream.xml.bz2",603520590,"2026-09-01 10:53:41.930665064 +0000",c09eb05504a735d3d9c5654b588727a0e1e9227c26b6927d2cedd909950bea1d
"/data/project/wdump/links/latest//dewikiversity-latest-pages-articles-multistream.xml.bz2","/mnt/nfs/dumps/dewikiversity/20260901/dewikiversity-20260901-pages-articles-multistream.xml.bz2",51699348,"2026-09-01 10:29:27.957356845 +0000",ae084e1d4499387aa9501449c4f1170212e43a95358d50627c279e839ccec40c
"/data/project/wdump/links/latest//dewikivoyage-latest-pages-articles-multistream.xml.bz2","/mnt/nfs/dumps/dewikivoyage/20260901/dewikivoyage-20260901-pages-articles-multistream.xml.bz2",74641876,"2026-09-01 10:05:32.972240948 +0000",8f497d8ce555a9305581e6d66497d8accf8a79721f09e922f15b362afac01ee0
"/data/project/wdump/links/latest//dewiktionary-latest-pages-articles-multistream.xml.bz2","/mnt/nfs/dumps/dewiktionary/20260901/dewiktionary-20260901-pages-articles-multistream.xml.bz2",317725884,"2026-09-01 10:47:40.633230362 +0000",11fcb877d87c7f86807f53e75dc22e566aaee43d9bd5580c98c2a29d69ced115
"/data/project/wdump/links/latest//dgawiki-latest-pages-articles-multistream.xml.bz2","/mnt/nfs/dumps/dgawiki/20260901/dgawiki-20260901-pages-articles-multistream.xml.bz2",5687036,"2026-09-01 10:04:40.496491656 +0000",e472b84ab3c1b11caaa4f0c2fef0b3b8fbe7111586866a42586aa66a5288963d
"/data/project/wdump/links/latest//dinwiki-latest-pages-articles-multistream.xml.bz2","/mnt/nfs/dumps/dinwiki/20260901/dinwiki-20260901-pages-articles-multistream.xml.bz2",621022,"2026-09-01 09:59:51.871023170 +0000",8b8f9e0e11daad861889d8186b3c651b97804fd50ca4716c864d8d94686c2eef
"/data/project/wdump/links/latest//diqwiki-latest-pages-articles-multistream.xml.bz2","/mnt/nfs/dumps/diqwiki/20260901/diqwiki-20260901-pages-articles-multistream.xml.bz2",14525507,"2026-09-01 10:03:32.100859501 +0000",b357ddb8373ff90e11302b317df6778701d3870bac9fbd05c37a9d6c2b3dfa99
"/data/project/wdump/links/latest//diqwiktionary-latest-pages-articles-multistream.xml.bz2","/mnt/nfs/dumps/diqwiktionary/20260901/diqwiktionary-20260901-pages-articles-multistream.xml.bz2",2334817,"2026-09-01 10:01:48.580480311 +0000",6985a22fa934a229a36d7611129b4133bef697f38a4e2c0d3650743c91a9fae6
"/data/project/wdump/links/latest//dkwikimedia-latest-pages-articles-multistream.xml.bz2","/mnt/nfs/dumps/dkwikimedia/20260901/dkwikimedia-20260901-pages-articles-multistream.xml.bz2",320824,"2026-09-01 10:03:43.784901267 +0000",4555b347d8e790e68655182797d03357b655dcd914e4227f6d083bde177c69c8
"/data/project/wdump/links/latest//donatewiki-latest-pages-articles-multistream.xml.bz2","/mnt/nfs/dumps/donatewiki/20260901/donatewiki-20260901-pages-articles-multistream.xml.bz2",1791076,"2026-09-01 10:04:11.907669992 +0000",33bf9d2fa480590c8b18bcb22404769f8d4dac93fb56413388b27f2a1bc29d6c
"/data/project/wdump/links/latest//dsbwiki-latest-pages-articles-multistream.xml.bz2","/mnt/nfs/dumps/dsbwiki/20260901/dsbwiki-20260901-pages-articles-multistream.xml.bz2",4371984,"2026-09-01 10:05:45.848581578 +0000",7282ff237694fde9988f2991a68adaaca27c8ed81f95083710444a9550a8f796
"/data/project/wdump/links/latest//dtpwiki-latest-pages-articles-multistream.xml.bz2","/mnt/nfs/dumps/dtpwiki/20260901/dtpwiki-20260901-pages-articles-multistream.xml.bz2",9490602,"2026-09-01 10:07:39.807554274 +0000",3a5b11e4078425b5f895ff43b106e5d9890d619c115722d2ab487a61bad633b9
"/data/project/wdump/links/latest//dtywiki-latest-pages-articles-multistream.xml.bz2","/mnt/nfs/dumps/dtywiki/20260901/dtywiki-20260901-pages-articles-multistream.xml.bz2",9175731,"2026-09-01 10:05:47.369332056 +0000",fa5b4d0839818abd16293485aad47376947df4a6615bd832d03caa2b5ed501e5
"/data/project/wdump/links/latest//dvwiki-latest-pages-articles-multistream.xml.bz2","/mnt/nfs/dumps/dvwiki/20260901/dvwiki-20260901-pages-articles-multistream.xml.bz2",6132622,"2026-09-01 10:06:08.105402561 +0000",1eff444d60b8303056711c272feb9ed44e87fce51f96a1470d73cee5decbca82
"/data/project/wdump/links/latest//dvwiktionary-latest-pages-articles-multistream.xml.bz2","/mnt/nfs/dumps/dvwiktionary/20260901/dvwiktionary-20260901-pages-articles-multistream.xml.bz2",368246,"2026-09-01 10:04:52.592323700 +0000",3ff509159039657a33ad923f2ebf599cfdeaa1248b251dc529bf483fc9dab5b3
"/data/project/wdump/links/latest//dzwiki-latest-pages-articles-multistream.xml.bz2","/mnt/nfs/dumps/dzwiki/20260901/dzwiki-20260901-pages-articles-multistream.xml.bz2",4044518,"2026-09-01 10:11:50.589004373 +0000",884e936a0feeede523468122d301f212fed7f0beebe99403d0e0d6965af4c87c
"/data/project/wdump/links/latest//dzwiktionary-latest-pages-articles-multistream.xml.bz2","/mnt/nfs/dumps/dzwiktionary/20260901/dzwiktionary-20260901-pages-articles-multistream.xml.bz2",47383,"2026-09-01 10:06:03.737387748 +0000",44776627adde1384104ca510c96a39246d4efcbbc198906436e4ba9b47a1f27a
"/data/project/wdump/links/latest//eewiki-latest-pages-articles-multistream.xml.bz2","/mnt/nfs/dumps/eewiki/20260901/eewiki-20260901-pages-articles-multistream.xml.bz2",1561187,"2026-09-01 10:25:22.668018753 +0000",1f2bf3563d3eae0f28fc6b55e9c5cedb46be325a21585ac5d20fc45f8b510489
"/data/project/wdump/links/latest//elwiki-latest-pages-articles-multistream.xml.bz2","/mnt/nfs/dumps/elwiki/20260901/elwiki-20260901-pages-articles-multistream.xml.bz2",648042189,"2026-09-01 11:40:37.751354158 +0000",3e3afdbf0276669aedd3f610eb4be6861e078cc53e8abe4f9aed7b8d1be840a1
"/data/project/wdump/links/latest//elwikibooks-latest-pages-articles-multistream.xml.bz2","/mnt/nfs/dumps/elwikibooks/20260901/elwikibooks-20260901-pages-articles-multistream.xml.bz2",5132246,"2026-09-01 10:33:46.674735427 +0000",8ee3810a61c98daa1af533a09061c23540ff54a4b3b2badc96759e6e7c90ebd4
"/data/project/wdump/links/latest//elwikinews-latest-pages-articles-multistream.xml.bz2","/mnt/nfs/dumps/elwikinews/20260901/elwikinews-20260901-pages-articles-multistream.xml.bz2",2871990,"2026-09-01 10:35:30.699705231 +0000",05801740903cd92ca49eb692cceda2d4e5e1fb1b225b6f1c9fa0e0ba7d91185d
"/data/project/wdump/links/latest//elwikiquote-latest-pages-articles-multistream.xml.bz2","/mnt/nfs/dumps/elwikiquote/20260901/elwikiquote-20260901-pages-articles-multistream.xml.bz2",2231146,"2026-09-01 09:56:28.811169170 +0000",f7d5e20d61560e228468d95fee0278fc2f79d4214e836bbbfdae8b8c9a48f02a
"/data/project/wdump/links/latest//elwikisource-latest-pages-articles-multistream.xml.bz2","/mnt/nfs/dumps/elwikisource/20260901/elwikisource-20260901-pages-articles-multistream.xml.bz2",61023481,"2026-09-01 10:17:10.049681519 +0000",f372f1951e603900354e44ff9bbe517030a78ec775e3ec19c40fdabc2372c856
"/data/project/wdump/links/latest//elwikiversity-latest-pages-articles-multistream.xml.bz2","/mnt/nfs/dumps/elwikiversity/20260901/elwikiversity-20260901-pages-articles-multistream.xml.bz2",2341693,"2026-09-01 09:56:03.559053625 +0000",1ac1f277d8539e8c23b1199f53c78d46a2fd2a73d4b8397a511ba96fb4bb50c9
"/data/project/wdump/links/latest//elwikivoyage-latest-pages-articles-multistream.xml.bz2","/mnt/nfs/dumps/elwikivoyage/20260901/elwikivoyage-20260901-pages-articles-multistream.xml.bz2",2323921,"2026-09-01 09:56:31.794554527 +0000",865d26ef181b49417b8faac498bf3e138c65bbad44f4a9926c9c1e07d4834ed7
"/data/project/wdump/links/latest//elwiktionary-latest-pages-articles-multistream.xml.bz2","/mnt/nfs/dumps/elwiktionary/20260901/elwiktionary-20260901-pages-articles-multistream.xml.bz2",142671413,"2026-09-01 10:29:05.150664276 +0000",5bd0e76fd5a0ecd5c60ecf1922ac5e27310303ca517c7668cfeb35a3afa8f3e7
"/data/project/wdump/links/latest//emlwiki-latest-pages-articles-multistream.xml.bz2","/mnt/nfs/dumps/emlwiki/20260901/emlwiki-20260901-pages-articles-multistream.xml.bz2",12431790,"2026-09-01 09:55:49.502988360 +0000",ef24443974122d3633f52d86da8c2774d642591b14baf259d0feb7b53334d905
"/data/project/wdump/links/latest//en_labswikimedia-latest-pages-articles-multistream.xml.bz2","/mnt/nfs/dumps/en_labswikimedia/20130309/en_labswikimedia-20130309-pages-articles-multistream.xml.bz2",63138642,"2013-03-09 02:28:55.000000000 +0000",ac199d2c9ba977aa7271bfbbdf82469b039c94616f5f4939ca7437a610696c7d
"/data/project/wdump/links/latest//enwiki-latest-pages-articles-multistream.xml.bz2","/mnt/nfs/dumps/enwiki/20260901/enwiki-20260901-pages-articles-multistream.xml.bz2",26797495184,"2026-09-03 21:36:39.417418731 +0000",6646f8ce6ddacc0f5817da67fda6daf79587647cd68371511d770d8942b2ea9b
"/data/project/wdump/links/latest//enwikibooks-latest-pages-articles-multistream.xml.bz2","/mnt/nfs/dumps/enwikibooks/20260901/enwikibooks-20260901-pages-articles-multistream.xml.bz2",207339557,"2026-09-01 11:06:09.927207420 +0000",d4aaf28674f4ad0aef7e3be78015ab95512b207593c83feddccd8c33ed9335d4
"/data/project/wdump/links/latest//enwikinews-latest-pages-articles-multistream.xml.bz2","/mnt/nfs/dumps/enwikinews/20260901/enwikinews-20260901-pages-articles-multistream.xml.bz2",54157210,"2026-09-01 17:21:02.353059621 +0000",ba76e5215a517ef565b5400d7ad458c3766c29fa496a7f000a90d2ac699268a6
"/data/project/wdump/links/latest//enwikiquote-latest-pages-articles-multistream.xml.bz2","/mnt/nfs/dumps/enwikiquote/20260901/enwikiquote-20260901-pages-articles-multistream.xml.bz2",223550678,"2026-09-01 11:09:10.273348676 +0000",839be4d2a4d4a3084c8919ad839990d75662cf6601dea838c2c49cf06f919534
"/data/project/wdump/links/latest//enwikisource-latest-pages-articles-multistream.xml.bz2","/mnt/nfs/dumps/enwikisource/20260901/enwikisource-20260901-pages-articles-multistream.xml.bz2",3642956772,"2026-09-01 14:25:16.288914858 +0000",e3a8845460015145cdb05ef113ad7326a3a25c3bd56148823372135c69e1ee44
"/data/project/wdump/links/latest//enwikiversity-latest-pages-articles-multistream.xml.bz2","/mnt/nfs/dumps/enwikiversity/20260901/enwikiversity-20260901-pages-articles-multistream.xml.bz2",120514588,"2026-09-01 11:06:17.987223636 +0000",d0fc780050aeb5a362215a93adceaab087d7fbfa64d25ee4bce758028bb31b6c
"/data/project/wdump/links/latest//enwikivoyage-latest-pages-articles-multistream.xml.bz2","/mnt/nfs/dumps/enwikivoyage/20260901/enwikivoyage-20260901-pages-articles-multistream.xml.bz2",134029357,"2026-09-01 11:08:33.482681914 +0000",10c28820e4b7c6bf77eb701bf7f9fc54897fc5c8b4a307f401c1de2dbb3ceeda
"/data/project/wdump/links/latest//enwiktionary-latest-pages-articles-multistream.xml.bz2","/mnt/nfs/dumps/enwiktionary/20260901/enwiktionary-20260901-pages-articles-multistream.xml.bz2",1937351957,"2026-09-02 17:21:29.383719266 +0000",0b7f554b1884e52e1c06de74cecab5e370c6b9f765711cedb0759f6d14c5e719
"/data/project/wdump/links/latest//eowiki-latest-pages-articles-multistream.xml.bz2","/mnt/nfs/dumps/eowiki/20260901/eowiki-20260901-pages-articles-multistream.xml.bz2",431100357,"2026-09-01 12:01:12.728977726 +0000",22af4ccf3aca063556ffee7c45275adb7ad6aef7a00e51d0e3a36151ad406587
"/data/project/wdump/links/latest//eowikibooks-latest-pages-articles-multistream.xml.bz2","/mnt/nfs/dumps/eowikibooks/20260901/eowikibooks-20260901-pages-articles-multistream.xml.bz2",2298162,"2026-09-01 10:55:19.866965993 +0000",a516e8e7cdbd7f55a4e792e293b637511ca61c05636542ae9a6611bf53945b18
"/data/project/wdump/links/latest//eowikinews-latest-pages-articles-multistream.xml.bz2","/mnt/nfs/dumps/eowikinews/20260901/eowikinews-20260901-pages-articles-multistream.xml.bz2",3409982,"2026-09-01 11:06:38.591847408 +0000",e0bf0483e3cbdea0a912b429bfb7b5b65ea89b257609e62d43a7b6f9f5f40349
"/data/project/wdump/links/latest//eowikiquote-latest-pages-articles-multistream.xml.bz2","/mnt/nfs/dumps/eowikiquote/20260901/eowikiquote-20260901-pages-articles-multistream.xml.bz2",6240811,"2026-09-01 11:07:22.159352732 +0000",24a014caaba047322dab02db027d536497b6ebeef0c784044c2bfe577d6bd9eb
"/data/project/wdump/links/latest//eowikisource-latest-pages-articles-multistream.xml.bz2","/mnt/nfs/dumps/eowikisource/20260901/eowikisource-20260901-pages-articles-multistream.xml.bz2",16156243,"2026-09-01 10:45:21.769100853 +0000",9c1af33a94953a04c812e007ef3f7c07b11a4090b32df39a91d6d7508279b255
"/data/project/wdump/links/latest//eowikivoyage-latest-pages-articles-multistream.xml.bz2","/mnt/nfs/dumps/eowikivoyage/20260901/eowikivoyage-20260901-pages-articles-multistream.xml.bz2",2551477,"2026-09-01 10:44:48.312993776 +0000",349b9aa4df41c4342e3b20474ec60d739ba5eb88a5f01130f4f00192b9c3a0f1
"/data/project/wdump/links/latest//eowiktionary-latest-pages-articles-multistream.xml.bz2","/mnt/nfs/dumps/eowiktionary/20260901/eowiktionary-20260901-pages-articles-multistream.xml.bz2",30507175,"2026-09-01 10:56:28.111175037 +0000",5e5b098ecbe7e189d2df4a5ee770a2b2ba9643fa1a0fdfd84aecb6c1d6a85465
"/data/project/wdump/links/latest//eswiki-latest-pages-articles-multistream.xml.bz2","/mnt/nfs/dumps/eswiki/20260901/eswiki-20260901-pages-articles-multistream.xml.bz2",5380149698,"2026-09-01 12:14:12.102976690 +0000",887aa88c33b6a92fd827150092c364486f1be99dddc1721be4d3ef5d44a8216d
"/data/project/wdump/links/latest//eswikibooks-latest-pages-articles-multistream.xml.bz2","/mnt/nfs/dumps/eswikibooks/20260901/eswikibooks-20260901-pages-articles-multistream.xml.bz2",30143281,"2026-09-01 10:49:04.741805293 +0000",646eabe17597219002e15e77c4333e3cb5194af14f1e76db14fbf6aa09184ca3
"/data/project/wdump/links/latest//eswikinews-latest-pages-articles-multistream.xml.bz2","/mnt/nfs/dumps/eswikinews/20260901/eswikinews-20260901-pages-articles-multistream.xml.bz2",18841763,"2026-09-01 10:44:57.950431158 +0000",b583b8bfeb5d0cc3d2f5808460784637933e12dcd45c2947253200c2dc6d9383
"/data/project/wdump/links/latest//eswikiquote-latest-pages-articles-multistream.xml.bz2","/mnt/nfs/dumps/eswikiquote/20260901/eswikiquote-20260901-pages-articles-multistream.xml.bz2",14393792,"2026-09-01 10:54:01.178724304 +0000",93ece31e5325d24e7225d0d0d856f6d7188cfb962c304252bfb23d9725cbff5f
"/data/project/wdump/links/latest//eswikisource-latest-pages-articles-multistream.xml.bz2","/mnt/nfs/dumps/eswikisource/20260901/eswikisource-20260901-pages-articles-multistream.xml.bz2",263602943,"2026-09-01 10:57:49.849181036 +0000",4caa67ed43a9b7f22959c5fed3841fd9a31ecfdde0b0431906901a1e4238643a
"/data/project/wdump/links/latest//eswikiversity-latest-pages-articles-multistream.xml.bz2","/mnt/nfs/dumps/eswikiversity/20260901/eswikiversity-20260901-pages-articles-multistream.xml.bz2",8735260,"2026-09-01 10:50:56.101849257 +0000",b74977a95ff0e5e47e0cff94bb203f1b4661e8d6599c61a66368b7a60b34c3c1
"/data/project/wdump/links/latest//eswikivoyage-latest-pages-articles-multistream.xml.bz2","/mnt/nfs/dumps/eswikivoyage/20260901/eswikivoyage-20260901-pages-articles-multistream.xml.bz2",22282442,"2026-09-01 10:51:56.747279189 +0000",9ec12940f2404e53078fb52bfab8edd47f38a832d638ba9b2d4b04c6f763af57
"/data/project/wdump/links/latest//eswiktionary-latest-pages-articles-multistream.xml.bz2","/mnt/nfs/dumps/eswiktionary/20260901/eswiktionary-20260901-pages-articles-multistream.xml.bz2",110533815,"2026-09-01 11:23:15.384036514 +0000",2950184086a6a360071aba85f3de16b45abe919453383dc12848bd3b7d149882
"/data/project/wdump/links/latest//etwiki-latest-pages-articles-multistream.xml.bz2","/mnt/nfs/dumps/etwiki/20260901/etwiki-20260901-pages-articles-multistream.xml.bz2",333917061,"2026-09-01 11:28:16.744474631 +0000",dcf911de0c49feb2b0d00e6f0d0f1a128dd9788d3942204a9b55bbc23fde3c94
"/data/project/wdump/links/latest//etwikibooks-latest-pages-articles-multistream.xml.bz2","/mnt/nfs/dumps/etwikibooks/20260901/etwikibooks-20260901-pages-articles-multistream.xml.bz2",1417041,"2026-09-01 10:02:36.524658062 +0000",832757cc413ba48cc2e363025b8333d88409021a906567cb32a4548c0305bf31
"/data/project/wdump/links/latest//etwikimedia-latest-pages-articles-multistream.xml.bz2","/mnt/nfs/dumps/etwikimedia/20260901/etwikimedia-20260901-pages-articles-multistream.xml.bz2",241854,"2026-09-01 09:59:50.549067663 +0000",eebdc27db11e8d36b3eefc9a8a5ef123de2d218d621a1d5e3b7870703897437b
"/data/project/wdump/links/latest//etwikiquote-latest-pages-articles-multistream.xml.bz2","/mnt/nfs/dumps/etwikiquote/20260901/etwikiquote-20260901-pages-articles-multistream.xml.bz2",23808318,"2026-09-01 09:58:48.349372352 +0000",ef5a492c52999d4a21e0f8b9a16180a977024673e74a2dbbcb4fbeb60e8598b2
"/data/project/wdump/links/latest//etwikisource-latest-pages-articles-multistream.xml.bz2","/mnt/nfs/dumps/etwikisource/20260901/etwikisource-20260901-pages-articles-multistream.xml.bz2",13319914,"2026-09-01 10:00:47.196354234 +0000",06cbc67761060f212063844338e9714c38b13060050fe6e82f8cbe01651721ac
"/data/project/wdump/links/latest//etwiktionary-latest-pages-articles-multistream.xml.bz2","/mnt/nfs/dumps/etwiktionary/20260901/etwiktionary-20260901-pages-articles-multistream.xml.bz2",24895696,"2026-09-01 10:14:09.781311326 +0000",1d95cd24580f03669b1e5272453bfb8ab43f95baf3afc23335f20302b5bf460e
"/data/project/wdump/links/latest//euwiki-latest-pages-articles-multistream.xml.bz2","/mnt/nfs/dumps/euwiki/20260901/euwiki-20260901-pages-articles-multistream.xml.bz2",426427058,"2026-09-01 10:44:48.688994982 +0000",b7d497eef57796aec497bab7677f7b841d940757b02511b05615037e8f0f0afb
"/data/project/wdump/links/latest//euwikibooks-latest-pages-articles-multistream.xml.bz2","/mnt/nfs/dumps/euwikibooks/20260901/euwikibooks-20260901-pages-articles-multistream.xml.bz2",4646766,"2026-09-01 09:58:41.261414281 +0000",58293e419986d51e1086ae408a83905f795143ac173249bef0b831344e4ead8a
"/data/project/wdump/links/latest//euwikiquote-latest-pages-articles-multistream.xml.bz2","/mnt/nfs/dumps/euwikiquote/20260901/euwikiquote-20260901-pages-articles-multistream.xml.bz2",519875,"2026-09-01 10:02:35.788198188 +0000",e76ee7b1d0b936b54033dcc688577c47c0516f7c6c46c0b2d437596a1499c6e7
"/data/project/wdump/links/latest//euwikisource-latest-pages-articles-multistream.xml.bz2","/mnt/nfs/dumps/euwikisource/20260901/euwikisource-20260901-pages-articles-multistream.xml.bz2",8934225,"2026-09-01 10:00:19.786210714 +0000",6fc9cc0b690c54a1b7a97927a26ff7494304b7ed47313e1754315dbd7dc37e3c
"/data/project/wdump/links/latest//euwiktionary-latest-pages-articles-multistream.xml.bz2","/mnt/nfs/dumps/euwiktionary/20260901/euwiktionary-20260901-pages-articles-multistream.xml.bz2",7929130,"2026-09-01 10:06:35.865895222 +0000",ed2352e0b57d77fb49288476cab20509eb864fe8b8df70c642332dffef97a3f1
"/data/project/wdump/links/latest//extwiki-latest-pages-articles-multistream.xml.bz2","/mnt/nfs/dumps/extwiki/20260901/extwiki-20260901-pages-articles-multistream.xml.bz2",6629394,"2026-09-01 10:06:31.105480232 +0000",0a0be4c6094e2fea78101389392167cc36d61d27f9179e63c51871e79a2e8c17
"/data/project/wdump/links/latest//fatwiki-latest-pages-articles-multistream.xml.bz2","/mnt/nfs/dumps/fatwiki/20260901/fatwiki-20260901-pages-articles-multistream.xml.bz2",3730001,"2026-09-01 22:54:35.558259798 +0000",0ba9504716275d5639f760f7f6e1abd8566f34912905c2a0c51b2287ae5adf36
"/data/project/wdump/links/latest//fawiki-latest-pages-articles-multistream.xml.bz2","/mnt/nfs/dumps/fawiki/20260901/fawiki-20260901-pages-articles-multistream.xml.bz2",1553917287,"2026-09-02 15:47:38.461043024 +0000",097c2a554da6d93444fae992065451edda4be73dac69c2ac7bed481237592c42
"/data/project/wdump/links/latest//fawikibooks-latest-pages-articles-multistream.xml.bz2","/mnt/nfs/dumps/fawikibooks/20260901/fawikibooks-20260901-pages-articles-multistream.xml.bz2",7113121,"2026-09-01 22:35:06.214893777 +0000",7012b0a4ca3dc8d198a801e75ef971950bcf09016285109db82f4335dd851c5f
"/data/project/wdump/links/latest//fawikinews-latest-pages-articles-multistream.xml.bz2","/mnt/nfs/dumps/fawikinews/20260901/fawikinews-20260901-pages-articles-multistream.xml.bz2",2959538,"2026-09-01 16:50:22.828337669 +0000",2782bacd0f04ed6489881079129664637226f33362ba64c8661e0cd0d229912b
"/data/project/wdump/links/latest//fawikiquote-latest-pages-articles-multistream.xml.bz2","/mnt/nfs/dumps/fawikiquote/20260901/fawikiquote-20260901-pages-articles-multistream.xml.bz2",12174080,"2026-09-01 22:55:34.941406353 +0000",eb914f03e59286d23d3a1a9ca0b96d2f2c6e3d70bc165db6d5ccd601a3564f20
"/data/project/wdump/links/latest//fawikisource-latest-pages-articles-multistream.xml.bz2","/mnt/nfs/dumps/fawikisource/20260901/fawikisource-20260901-pages-articles-multistream.xml.bz2",48562832,"2026-09-01 15:17:21.066340103 +0000",346e2d144dc1b5508334d17a0f1749d1fee915a2b15f295f3adee861c0aa51f1
"/data/project/wdump/links/latest//fawikivoyage-latest-pages-articles-multistream.xml.bz2","/mnt/nfs/dumps/fawikivoyage/20260901/fawikivoyage-20260901-pages-articles-multistream.xml.bz2",4992775,"2026-09-01 22:18:34.285525876 +0000",6efb6ebef97c44924095e5600b23ba07858dea68a7c1900e2d151a50884426dd
"/data/project/wdump/links/latest//fawiktionary-latest-pages-articles-multistream.xml.bz2","/mnt/nfs/dumps/fawiktionary/20260901/fawiktionary-20260901-pages-articles-multistream.xml.bz2",22083025,"2026-09-01 16:43:00.881590522 +0000",058980a60e6b3aa1f4a335754506aac14313a6b5c323560aa6594d6281bd4246
"/data/project/wdump/links/latest//ffwiki-latest-pages-articles-multistream.xml.bz2","/mnt/nfs/dumps/ffwiki/20260901/ffwiki-20260901-pages-articles-multistream.xml.bz2",24782414,"2026-09-01 18:26:40.387941229 +0000",eff46fa61ee22cd54a4b701e0bc5f9d83f0ef3af3a544329e3517064aea3735d
"/data/project/wdump/links/latest//fiu_vrowiki-latest-pages-articles-multistream.xml.bz2","/mnt/nfs/dumps/fiu_vrowiki/20260901/fiu_vrowiki-20260901-pages-articles-multistream.xml.bz2",3347676,"2026-09-01 22:31:41.266307456 +0000",f084b1f5cc8c7a85ed5d54e192ea79bd686e86080af2f763efaa424c369ed71a
"/data/project/wdump/links/latest//fiwiki-latest-pages-articles-multistream.xml.bz2","/mnt/nfs/dumps/fiwiki/20260901/fiwiki-20260901-pages-articles-multistream.xml.bz2",1052394964,"2026-09-01 14:25:47.589586940 +0000",a2be277e6b4f8b5b095f5694ca1852febbc4be48d5b2fc9828944efb2b6e4050
"/data/project/wdump/links/latest//fiwikibooks-latest-pages-articles-multistream.xml.bz2","/mnt/nfs/dumps/fiwikibooks/20260901/fiwikibooks-20260901-pages-articles-multistream.xml.bz2",8704543,"2026-09-01 16:55:18.148292913 +0000",8e46f8efa7b272a4e1a4b8b5e2f8b545cfbc4db8eb176f4b505101db824b9a23
"/data/project/wdump/links/latest//fiwikimedia-latest-pages-articles-multistream.xml.bz2","/mnt/nfs/dumps/fiwikimedia/20260901/fiwikimedia-20260901-pages-articles-multistream.xml.bz2",565520,"2026-09-01 18:27:40.688218904 +0000",d70ddce5de944ee74b0bb9498132edffc616f24424d2cfb8d80f4b45af6a545f
"/data/project/wdump/links/latest//fiwikinews-latest-pages-articles-multistream.xml.bz2","/mnt/nfs/dumps/fiwikinews/20260901/fiwikinews-20260901-pages-articles-multistream.xml.bz2",2422835,"2026-09-01 18:27:47.820251112 +0000",5c84442c3c62ff78cf027f92db0ebbc8fc374ecb002416f818f9ac9d8a9f75cc
"/data/project/wdump/links/latest//fiwikiquote-latest-pages-articles-multistream.xml.bz2","/mnt/nfs/dumps/fiwikiquote/20260901/fiwikiquote-20260901-pages-articles-multistream.xml.bz2",3939983,"2026-09-01 18:31:18.082133462 +0000",0b72cfbd10c14da346c2943b0643ebe32cc8cdfd7880924245e5462535df186e
"/data/project/wdump/links/latest//fiwikisource-latest-pages-articles-multistream.xml.bz2","/mnt/nfs/dumps/fiwikisource/20260901/fiwikisource-20260901-pages-articles-multistream.xml.bz2",25338903,"2026-09-01 18:31:50.141279963 +0000",08340ba3b3c5251dbf25dcc91714a0a21ef3f52c03c41cd2f3bad929fb8bd4a9
"/data/project/wdump/links/latest//fiwikiversity-latest-pages-articles-multistream.xml.bz2","/mnt/nfs/dumps/fiwikiversity/20260901/fiwikiversity-20260901-pages-articles-multistream.xml.bz2",5168074,"2026-09-01 22:56:03.334513025 +0000",1378217a89069cd2d705ab95822c30e6077d790c37e0c5791971e9db3bc62c2c
"/data/project/wdump/links/latest//fiwikivoyage-latest-pages-articles-multistream.xml.bz2","/mnt/nfs/dumps/fiwikivoyage/20260901/fiwikivoyage-20260901-pages-articles-multistream.xml.bz2",2674453,"2026-09-01 16:43:11.801624039 +0000",77066e809a89f0b21a886819a45cefe61c0cf935ac5a954a0dd361751920a54f
"/data/project/wdump/links/latest//fiwiktionary-latest-pages-articles-multistream.xml.bz2","/mnt/nfs/dumps/fiwiktionary/20260901/fiwiktionary-20260901-pages-articles-multistream.xml.bz2",101919775,"2026-09-01 22:01:49.224978662 +0000",0898a08746d976e3af346429e643055e4894107662e26d184cdaf2e0f8eebb64
"/data/project/wdump/links/latest//fixcopyrightwiki-latest-pages-articles-multistream.xml.bz2","/mnt/nfs/dumps/fixcopyrightwiki/20200220/fixcopyrightwiki-20200220-pages-articles-multistream.xml.bz2",15889,"2020-02-22 01:57:43.232349528 +0000",08a8f341f3627eb9f9bf2b1a472e28fc74ddf3436faf22b4c44839d2fa2b4032
"/data/project/wdump/links/latest//fjwiki-latest-pages-articles-multistream.xml.bz2","/mnt/nfs/dumps/fjwiki/20260901/fjwiki-20260901-pages-articles-multistream.xml.bz2",1549426,"2026-09-01 22:20:45.996422708 +0000",59159c29da8694223cdf0e5507b1a565df761646108f4d121586d1b4ce8abf72
"/data/project/wdump/links/latest//fjwiktionary-latest-pages-articles-multistream.xml.bz2","/mnt/nfs/dumps/fjwiktionary/20260901/fjwiktionary-20260901-pages-articles-multistream.xml.bz2",3854975,"2026-09-01 22:31:53.982343768 +0000",a8f37f99ce5a96b3386e3fcc6047fa3d8b4a292f225d3b8f9af29ffcf3618ed8
"/data/project/wdump/links/latest//flaggedrevs_labswikimedia-latest-pages-articles-multistream.xml.bz2","/mnt/nfs/dumps/flaggedrevs_labswikimedia/20130311/flaggedrevs_labswikimedia-20130311-pages-articles-multistream.xml.bz2",40804664,"2013-03-11 11:51:14.000000000 +0000",25f43e5064c6f6948ac0d3836afdd8cdf4597f25d32f39da15c81ce5c82958c9
"/data/project/wdump/links/latest//fonwiki-latest-pages-articles-multistream.xml.bz2","/mnt/nfs/dumps/fonwiki/20260901/fonwiki-20260901-pages-articles-multistream.xml.bz2",1747894,"2026-09-01 18:32:05.739717751 +0000",ba5cc30594f52de5ca71f0e08c45360eb5bec9df08e360ea6d9a3abba23fe0ea
"/data/project/wdump/links/latest//foundationwiki-latest-pages-articles-multistream.xml.bz2","/mnt/nfs/dumps/foundationwiki/20260901/foundationwiki-20260901-pages-articles-multistream.xml.bz2",35327124,"2026-09-01 18:34:03.093802108 +0000",075cfb9906a04a4e9cbdd2331602da47a4b6d66b02e902f1aea4037e74e1c168
"/data/project/wdump/links/latest//fowiki-latest-pages-articles-multistream.xml.bz2","/mnt/nfs/dumps/fowiki/20260901/fowiki-20260901-pages-articles-multistream.xml.bz2",17013493,"2026-09-01 22:52:05.504623907 +0000",3a25748505b50fadb962aa392bdbc8638f7acfad16859bc5bd97ab9e5920f076
"/data/project/wdump/links/latest//fowikisource-latest-pages-articles-multistream.xml.bz2","/mnt/nfs/dumps/fowikisource/20260901/fowikisource-20260901-pages-articles-multistream.xml.bz2",203825,"2026-09-01 18:33:38.970988033 +0000",1d7394c23fd567242a9a7eb869c5f387f8937080a690a3297f3d245d4e4e314a
"/data/project/wdump/links/latest//fowiktionary-latest-pages-articles-multistream.xml.bz2","/mnt/nfs/dumps/fowiktionary/20260901/fowiktionary-20260901-pages-articles-multistream.xml.bz2",889291,"2026-09-01 18:34:04.761808511 +0000",40a2cde55fbaff7f44fdb6069fd7646104f50234b32822abcd465e89acd63c12
"/data/project/wdump/links/latest//frpwiki-latest-pages-articles-multistream.xml.bz2","/mnt/nfs/dumps/frpwiki/20260901/frpwiki-20260901-pages-articles-multistream.xml.bz2",5578385,"2026-09-01 21:59:51.051704916 +0000",3ec48beb4d2b4cb5f5c2234ad4002aa36e92f3a66e678789ad7490ce9013433c
"/data/project/wdump/links/latest//frrwiki-latest-pages-articles-multistream.xml.bz2","/mnt/nfs/dumps/frrwiki/20260901/frrwiki-20260901-pages-articles-multistream.xml.bz2",16225087,"2026-09-01 20:56:12.021941499 +0000",dfccab3ef80b3ce69182073b35eefe44d6684ea9fb73616bc643b401e636e08a
"/data/project/wdump/links/latest//frwiki-latest-pages-articles-multistream.xml.bz2","/mnt/nfs/dumps/frwiki/20260901/frwiki-20260901-pages-articles-multistream.xml.bz2",7249525159,"2026-09-01 18:00:24.195217302 +0000",8c53e7ff53aa07de111354798b7b1b8393868149bde673417916edd2621b7384
"/data/project/wdump/links/latest//frwikibooks-latest-pages-articles-multistream.xml.bz2","/mnt/nfs/dumps/frwikibooks/20260901/frwikibooks-20260901-pages-articles-multistream.xml.bz2",42109963,"2026-09-01 20:56:16.046298160 +0000",264a8c8bd90e2990f9119f4a85deb73f1a88914fd61c349bac53e6974fa63f59
"/data/project/wdump/links/latest//frwikinews-latest-pages-articles-multistream.xml.bz2","/mnt/nfs/dumps/frwikinews/20260901/frwikinews-20260901-pages-articles-multistream.xml.bz2",28513634,"2026-09-01 16:58:34.568443363 +0000",50aca94740871556210233679463aa5b950c3573df507b80816f4036df177bd6
"/data/project/wdump/links/latest//frwikiquote-latest-pages-articles-multistream.xml.bz2","/mnt/nfs/dumps/frwikiquote/20260901/frwikiquote-20260901-pages-articles-multistream.xml.bz2",21871764,"2026-09-01 20:57:57.638181853 +0000",1b4aad10125dc294355133bf7f95110f3ed5847558f970d2643ff57643bf24e9
"/data/project/wdump/links/latest//frwikisource-latest-pages-articles-multistream.xml.bz2","/mnt/nfs/dumps/frwikisource/20260901/frwikisource-20260901-pages-articles-multistream.xml.bz2",2823384745,"2026-09-01 15:48:46.161000529 +0000",c55dcd9eeee294996f245b3abc53d66745ff8c7f4d9893179259639e402dfc51
"/data/project/wdump/links/latest//frwikiversity-latest-pages-articles-multistream.xml.bz2","/mnt/nfs/dumps/frwikiversity/20260901/frwikiversity-20260901-pages-articles-multistream.xml.bz2",46840564,"2026-09-01 22:23:44.636945361 +0000",93671f83ced5bee9bb104480dcfe29469fecc9f44e3848132ebb8d828ad7450e
"/data/project/wdump/links/latest//frwikivoyage-latest-pages-articles-multistream.xml.bz2","/mnt/nfs/dumps/frwikivoyage/20260901/frwikivoyage-20260901-pages-articles-multistream.xml.bz2",27624292,"2026-09-01 20:57:29.711693192 +0000",13638fa7258fde2d4d7545667d8a1678ee65de58823d36921fe9f8730f950490
"/data/project/wdump/links/latest//frwiktionary-latest-pages-articles-multistream.xml.bz2","/mnt/nfs/dumps/frwiktionary/20260901/frwiktionary-20260901-pages-articles-multistream.xml.bz2",1086154890,"2026-09-01 15:25:33.134396531 +0000",4ee4bb7d4a4b31eb86404f8b08ddad0637faa7c6aa06386de75f28bdc78801c8
"/data/project/wdump/links/latest//furwiki-latest-pages-articles-multistream.xml.bz2","/mnt/nfs/dumps/furwiki/20260901/furwiki-20260901-pages-articles-multistream.xml.bz2",4641045,"2026-09-01 20:57:52.609982852 +0000",dffadc269be795b8b1f54f206a1842cfce48e2e733e85251e293ca4f18d4053b
"/data/project/wdump/links/latest//fywiki-latest-pages-articles-multistream.xml.bz2","/mnt/nfs/dumps/fywiki/20260901/fywiki-20260901-pages-articles-multistream.xml.bz2",90545628,"2026-09-01 20:59:05.029746012 +0000",0d9c23dd26b96db80f536578c94880bcada4bb1ec51fc168024272eb3a35dd84
"/data/project/wdump/links/latest//fywikibooks-latest-pages-articles-multistream.xml.bz2","/mnt/nfs/dumps/fywikibooks/20260901/fywikibooks-20260901-pages-articles-multistream.xml.bz2",220703,"2026-09-01 20:56:33.654240714 +0000",22f04b7d35208833a38877a9515b51a60f95e09093a49fa69045814307c76327
"/data/project/wdump/links/latest//fywiktionary-latest-pages-articles-multistream.xml.bz2","/mnt/nfs/dumps/fywiktionary/20260901/fywiktionary-20260901-pages-articles-multistream.xml.bz2",3149049,"2026-09-01 22:29:35.845844226 +0000",c8c67918414f4ef3379173ebed268f090f261fd96de7fd600ca83ab4f35904fd
"/data/project/wdump/links/latest//gagwiki-latest-pages-articles-multistream.xml.bz2","/mnt/nfs/dumps/gagwiki/20260901/gagwiki-20260901-pages-articles-multistream.xml.bz2",3030582,"2026-09-01 22:04:56.589289810 +0000",cf0d5ee2fe6d499aa5121738067bb5af985f3a6b2896d149d6d9eb4c3e597c3b
"/data/project/wdump/links/latest//ganwiki-latest-pages-articles-multistream.xml.bz2","/mnt/nfs/dumps/ganwiki/20260901/ganwiki-20260901-pages-articles-multistream.xml.bz2",5610091,"2026-09-01 22:16:19.017354416 +0000",112a725ce29b65806bac02bd6738f291b1c4d92de796b08849c36b88c48d2ae1
"/data/project/wdump/links/latest//gawiki-latest-pages-articles-multistream.xml.bz2","/mnt/nfs/dumps/gawiki/20260901/gawiki-20260901-pages-articles-multistream.xml.bz2",50606441,"2026-09-01 21:29:12.151140958 +0000",16d168f443da234281550a6e514fd9a06c5e8f77ebaf7b930c68827d501e5f7d
"/data/project/wdump/links/latest//gawikibooks-latest-pages-articles-multistream.xml.bz2","/mnt/nfs/dumps/gawikibooks/20260901/gawikibooks-20260901-pages-articles-multistream.xml.bz2",7314,"2026-09-01 16:39:54.080488649 +0000",41acedce0c42c58c7f9b0a6fee5b52c7aa7e6b3ec5ff74f3fd6c1c4a1bbc90f3
"/data/project/wdump/links/latest//gawikiquote-latest-pages-articles-multistream.xml.bz2","/mnt/nfs/dumps/gawikiquote/20260901/gawikiquote-20260901-pages-articles-multistream.xml.bz2",7414,"2026-09-01 22:57:08.954702351 +0000",980ffd264b633d18487f27c95eb76fb7c7239d99cb9b00b3692afa542e6da200
"/data/project/wdump/links/latest//gawiktionary-latest-pages-articles-multistream.xml.bz2","/mnt/nfs/dumps/gawiktionary/20260901/gawiktionary-20260901-pages-articles-multistream.xml.bz2",1111332,"2026-09-01 20:57:32.122119546 +0000",d6039112a6dd35369d86f92f65312d6e733fd855654647eba42c675c5d5838d4
"/data/project/wdump/links/latest//gcrwiki-latest-pages-articles-multistream.xml.bz2","/mnt/nfs/dumps/gcrwiki/20260901/gcrwiki-20260901-pages-articles-multistream.xml.bz2",1084753,"2026-09-01 21:56:43.275952398 +0000",194fb648c086641185bd63b83d9bbe7daf047f45f7a8afef544b17ddea6b27f3
"/data/project/wdump/links/latest//gdwiki-latest-pages-articles-multistream.xml.bz2","/mnt/nfs/dumps/gdwiki/20260901/gdwiki-20260901-pages-articles-multistream.xml.bz2",11246306,"2026-09-01 20:59:36.726426903 +0000",929e9886dfafa77446d54709655770ed8c6d848a70b0951b217c57d31c847b91
"/data/project/wdump/links/latest//gdwiktionary-latest-pages-articles-multistream.xml.bz2","/mnt/nfs/dumps/gdwiktionary/20260901/gdwiktionary-20260901-pages-articles-multistream.xml.bz2",8156672,"2026-09-01 22:53:21.718432989 +0000",e9cabe3889c1d8414c72335a3728a80d02623169773ff6d90138b007c085a9a5
"/data/project/wdump/links/latest//gewikimedia-latest-pages-articles-multistream.xml.bz2","/mnt/nfs/dumps/gewikimedia/20260901/gewikimedia-20260901-pages-articles-multistream.xml.bz2",812731,"2026-09-01 16:40:24.544481818 +0000",b115d4eb4e191a6fb5f4e558852d0a9e0fcb3c8559fe3a1d10c33bda1d152e03
"/data/project/wdump/links/latest//glkwiki-latest-pages-articles-multistream.xml.bz2","/mnt/nfs/dumps/glkwiki/20260901/glkwiki-20260901-pages-articles-multistream.xml.bz2",9565214,"2026-09-01 22:32:00.313650680 +0000",e0a334f8593b70904d6f4cfcd172a67e4b7c235fdbfb44821c5def1e66a0aa7e
"/data/project/wdump/links/latest//glwiki-latest-pages-articles-multistream.xml.bz2","/mnt/nfs/dumps/glwiki/20260901/glwiki-20260901-pages-articles-multistream.xml.bz2",394374069,"2026-09-01 16:45:13.113664975 +0000",3412c5a63a947eb40da41d7c6059159e815363fbe12aa0cbad9a7475da09392c
"/data/project/wdump/links/latest//glwikibooks-latest-pages-articles-multistream.xml.bz2","/mnt/nfs/dumps/glwikibooks/20260901/glwikibooks-20260901-pages-articles-multistream.xml.bz2",1594240,"2026-09-01 20:58:46.949805168 +0000",dc0350f901e8f9826cb015ce2bcb6615330e0f7ef96123eac1fb92ad0329bf4d
"/data/project/wdump/links/latest//glwikiquote-latest-pages-articles-multistream.xml.bz2","/mnt/nfs/dumps/glwikiquote/20260901/glwikiquote-20260901-pages-articles-multistream.xml.bz2",1205966,"2026-09-01 22:52:53.861728067 +0000",c13d481c2fb97da4f82684cbca321f034534fac1fad4234c478c91dff36fe738
"/data/project/wdump/links/latest//glwikisource-latest-pages-articles-multistream.xml.bz2","/mnt/nfs/dumps/glwikisource/20260901/glwikisource-20260901-pages-articles-multistream.xml.bz2",3038356,"2026-09-01 21:28:32.861241586 +0000",ec678052c488dce64e442cabfe552ce37a5b74d79717c3ea0126a6b1c102d49f
"/data/project/wdump/links/latest//glwiktionary-latest-pages-articles-multistream.xml.bz2","/mnt/nfs/dumps/glwiktionary/20260901/glwiktionary-20260901-pages-articles-multistream.xml.bz2",19085012,"2026-09-01 21:02:40.754940880 +0000",972b5847efa4eac5669ab90ff588c067515d47d3d01ed27cbf2eb5b9c0c51e44
"/data/project/wdump/links/latest//gnwiki-latest-pages-articles-multistream.xml.bz2","/mnt/nfs/dumps/gnwiki/20260901/gnwiki-20260901-pages-articles-multistream.xml.bz2",6072030,"2026-09-01 21:57:14.246010574 +0000",47b905dbe9bec2c8cce4215d19fcacf4fc7c517086f40f3a5f7fd2a157a5d9ac
"/data/project/wdump/links/latest//gnwikibooks-latest-pages-articles-multistream.xml.bz2","/mnt/nfs/dumps/gnwikibooks/20260901/gnwikibooks-20260901-pages-articles-multistream.xml.bz2",7523,"2026-09-01 22:12:17.827660648 +0000",a6a0cdbe2abe3d01442e7b873a1036f8dc1ab740b25f1f3d943d6133cf4c5c93
"/data/project/wdump/links/latest//gnwiktionary-latest-pages-articles-multistream.xml.bz2","/mnt/nfs/dumps/gnwiktionary/20260901/gnwiktionary-20260901-pages-articles-multistream.xml.bz2",499493,"2026-09-01 16:43:11.342221690 +0000",92c486b06941623bf28ce5b573add44288530199fdbfd015af2de854d5ed00f3
"/data/project/wdump/links/latest//gomwiki-latest-pages-articles-multistream.xml.bz2","/mnt/nfs/dumps/gomwiki/20260901/gomwiki-20260901-pages-articles-multistream.xml.bz2",7655652,"2026-09-01 22:32:24.371540192 +0000",122221d7c5a07e88b534c1051613966c311584e175fd9ada958f92bf0c832d2c
"/data/project/wdump/links/latest//gomwiktionary-latest-pages-articles-multistream.xml.bz2","/mnt/nfs/dumps/gomwiktionary/20260901/gomwiktionary-20260901-pages-articles-multistream.xml.bz2",1970645,"2026-09-01 21:29:48.093958886 +0000",d837859eb5cdc026f781e788fd2bbbff5abc57183e40f1d5f9487947f1f7e570
"/data/project/wdump/links/latest//gorwiki-latest-pages-articles-multistream.xml.bz2","/mnt/nfs/dumps/gorwiki/20260901/gorwiki-20260901-pages-articles-multistream.xml.bz2",6203109,"2026-09-01 16:35:37.313946564 +0000",df596d02b1d8612d8db92e9ee34a8f74193015f22a7a6042b578a6fa67f6a4ce
"/data/project/wdump/links/latest//gorwikiquote-latest-pages-articles-multistream.xml.bz2","/mnt/nfs/dumps/gorwikiquote/20260901/gorwikiquote-20260901-pages-articles-multistream.xml.bz2",626642,"2026-09-01 16:41:25.827652716 +0000",7b0b0df2866edd596c743aab11dcfb11a284010f73c4c05f4bcd510d3bb554cb
"/data/project/wdump/links/latest//gorwiktionary-latest-pages-articles-multistream.xml.bz2","/mnt/nfs/dumps/gorwiktionary/20260901/gorwiktionary-20260901-pages-articles-multistream.xml.bz2",1952515,"2026-09-01 17:40:16.718191317 +0000",db3d2a67ba89018d13d81018a708768b2df3e1cd0964a67b78bd520f3ba47856
"/data/project/wdump/links/latest//gotwiki-latest-pages-articles-multistream.xml.bz2","/mnt/nfs/dumps/gotwiki/20260901/gotwiki-20260901-pages-articles-multistream.xml.bz2",923023,"2026-09-01 22:18:42.324125808 +0000",6016c57f72686ec171252882fc847ac1db55790cde262c54ac3380f739b4de64
"/data/project/wdump/links/latest//gotwikibooks-latest-pages-articles-multistream.xml.bz2","/mnt/nfs/dumps/gotwikibooks/20260901/gotwikibooks-20260901-pages-articles-multistream.xml.bz2",7304,"2026-09-01 16:59:30.656614272 +0000",21634c31bf0f0796f02b75a377dfd31c4ca9685cbb36ee3f9fc5671d6b313321
"/data/project/wdump/links/latest//gpewiki-latest-pages-articles-multistream.xml.bz2","/mnt/nfs/dumps/gpewiki/20260901/gpewiki-20260901-pages-articles-multistream.xml.bz2",17192293,"2026-09-01 21:25:10.918487682 +0000",149d4940bcc77342d90d26ce6d1886529b18d7b55bb43a5aeab377aadf367d93
"/data/project/wdump/links/latest//grwikimedia-latest-pages-articles-multistream.xml.bz2","/mnt/nfs/dumps/grwikimedia/20260901/grwikimedia-20260901-pages-articles-multistream.xml.bz2",8719,"2026-09-01 21:58:14.352266985 +0000",5ba2a28e30e550f413d22b1ed23d126c0d7ec8c0ab0bbd46a9cf91d14df711f6
"/data/project/wdump/links/latest//gucwiki-latest-pages-articles-multistream.xml.bz2","/mnt/nfs/dumps/gucwiki/20260901/gucwiki-20260901-pages-articles-multistream.xml.bz2",769911,"2026-09-01 21:28:31.458431547 +0000",160deeee439281f1222027c6b92ad594b1425d8ff1e985f20b0f69003e22d024
"/data/project/wdump/links/latest//gurwiki-latest-pages-articles-multistream.xml.bz2","/mnt/nfs/dumps/gurwiki/20260901/gurwiki-20260901-pages-articles-multistream.xml.bz2",2684118,"2026-09-01 22:32:22.038423920 +0000",9710788222db8a8a2e9dadb208581281ea20a9bc4f160ee10416d3736d73edf5
"/data/project/wdump/links/latest//guwiki-latest-pages-articles-multistream.xml.bz2","/mnt/nfs/dumps/guwiki/20260901/guwiki-20260901-pages-articles-multistream.xml.bz2",37701588,"2026-09-01 22:36:04.346233644 +0000",0dc02cdf924ffa1102ff4d973032dd9d6706afcd6d0690c7cb0389453bb5fc66
"/data/project/wdump/links/latest//guwikibooks-latest-pages-articles-multistream.xml.bz2","/mnt/nfs/dumps/guwikibooks/20260901/guwikibooks-20260901-pages-articles-multistream.xml.bz2",8215,"2026-09-01 22:30:41.066135688 +0000",076a8baac0a8e5f61c6ee9208d87fca167c061a1010d55aaf72214f8670c741b
"/data/project/wdump/links/latest//guwikiquote-latest-pages-articles-multistream.xml.bz2","/mnt/nfs/dumps/guwikiquote/20260901/guwikiquote-20260901-pages-articles-multistream.xml.bz2",1185075,"2026-09-01 22:34:21.652358689 +0000",de56930ddfde212bafbc0572c0a7595a793e8135141cd2731d1ed9f95183f423
"/data/project/wdump/links/latest//guwikisource-latest-pages-articles-multistream.xml.bz2","/mnt/nfs/dumps/guwikisource/20260901/guwikisource-20260901-pages-articles-multistream.xml.bz2",34469590,"2026-09-01 22:33:13.450570912 +0000",f5052c5dd0a56ed32ec344ab75a3141d8e5fc83bc9f8f8dcb85f13817e92ae47
"/data/project/wdump/links/latest//guwiktionary-latest-pages-articles-multistream.xml.bz2","/mnt/nfs/dumps/guwiktionary/20260901/guwiktionary-20260901-pages-articles-multistream.xml.bz2",1891300,"2026-09-01 22:27:26.997132367 +0000",17e8b4fc4cde177663e3e876dc1219f3e4dc1dcfbc98b4e8c571af36b0abb8e0
"/data/project/wdump/links/latest//guwwiki-latest-pages-articles-multistream.xml.bz2","/mnt/nfs/dumps/guwwiki/20260901/guwwiki-20260901-pages-articles-multistream.xml.bz2",2114404,"2026-09-01 22:30:39.954132518 +0000",2fe2362315bc29f6343aedfc79e588358d0ac6f08f3af0170e7583115099e870
"/data/project/wdump/links/latest//guwwikinews-latest-pages-articles-multistream.xml.bz2","/mnt/nfs/dumps/guwwikinews/20260901/guwwikinews-20260901-pages-articles-multistream.xml.bz2",570137,"2026-09-01 22:11:00.058686521 +0000",1abeb5bb0b0ece153de87febc271e24fda4dc0e32580936501bf7a31564034f3
"/data/project/wdump/links/latest//guwwikiquote-latest-pages-articles-multistream.xml.bz2","/mnt/nfs/dumps/guwwikiquote/20260901/guwwikiquote-20260901-pages-articles-multistream.xml.bz2",535255,"2026-09-01 22:32:49.934503660 +0000",503f2d8e6d90c45632856c86f388246dc15525dfe3604a0d044ec2350dcc96b6
"/data/project/wdump/links/latest//guwwiktionary-latest-pages-articles-multistream.xml.bz2","/mnt/nfs/dumps/guwwiktionary/20260901/guwwiktionary-20260901-pages-articles-multistream.xml.bz2",987694,"2026-09-01 22:25:01.725170369 +0000",abda03e666768b442753f91d4c3522c4b06971804595f19890db0b6f38d81789
"/data/project/wdump/links/latest//gvwiki-latest-pages-articles-multistream.xml.bz2","/mnt/nfs/dumps/gvwiki/20260901/gvwiki-20260901-pages-articles-multistream.xml.bz2",13671229,"2026-09-01 22:12:15.738913660 +0000",bb457009882a349bd9f6870d612bc0193f15c0e0d9c5a83c5a3e12216b7bb233
"/data/project/wdump/links/latest//gvwiktionary-latest-pages-articles-multistream.xml.bz2","/mnt/nfs/dumps/gvwiktionary/20260901/gvwiktionary-20260901-pages-articles-multistream.xml.bz2",286830,"2026-09-01 22:29:50.610181735 +0000",6349ae56d033e6b10ca2c2423db7a1cc57420b238e812d60d69fa63476211ec4
"/data/project/wdump/links/latest//hakwiki-latest-pages-articles-multistream.xml.bz2","/mnt/nfs/dumps/hakwiki/20260901/hakwiki-20260901-pages-articles-multistream.xml.bz2",5227256,"2026-09-01 21:59:30.088522200 +0000",65318882f08dd70a20e946ec1a982f1d12281e21ae819049dc6bf157b30466c0
"/data/project/wdump/links/latest//hawiki-latest-pages-articles-multistream.xml.bz2","/mnt/nfs/dumps/hawiki/20260901/hawiki-20260901-pages-articles-multistream.xml.bz2",173625437,"2026-09-01 22:51:46.185771274 +0000",2c82f3f18dd3095402ad03f20ff0346ca8d6ac8cbf2c2226ef332bd1a1927d8c
"/data/project/wdump/links/latest//hawiktionary-latest-pages-articles-multistream.xml.bz2","/mnt/nfs/dumps/hawiktionary/20260901/hawiktionary-20260901-pages-articles-multistream.xml.bz2",1654729,"2026-09-01 22:27:24.562843081 +0000",06feada06aae68d425c9a15d400f518dea4be5c2b0055e45a1bde0e3379ced2b
"/data/project/wdump/links/latest//hawwiki-latest-pages-articles-multistream.xml.bz2","/mnt/nfs/dumps/hawwiki/20260901/hawwiki-20260901-pages-articles-multistream.xml.bz2",1850223,"2026-09-01 22:26:55.813495494 +0000",ac289159ae001955b7fdd632c7776199f4cb5c5ea2456e452584aa9adcafce6a
"/data/project/wdump/links/latest//hewiki-latest-pages-articles-multistream.xml.bz2","/mnt/nfs/dumps/hewiki/20260901/hewiki-20260901-pages-articles-multistream.xml.bz2",1177691046,"2026-09-01 16:07:08.479811073 +0000",0c946c4407b065394c9540fcfd979f59f5eeb0da590c75959ed30f6f46825e1f
"/data/project/wdump/links/latest//hewikibooks-latest-pages-articles-multistream.xml.bz2","/mnt/nfs/dumps/hewikibooks/20260901/hewikibooks-20260901-pages-articles-multistream.xml.bz2",14929503,"2026-09-01 22:52:39.648271119 +0000",b75fa51fc8fe735005f802fde1094beac59beaf16b63a7a366f059da910a116a
"/data/project/wdump/links/latest//hewikinews-latest-pages-articles-multistream.xml.bz2","/mnt/nfs/dumps/hewikinews/20260901/hewikinews-20260901-pages-articles-multistream.xml.bz2",2234429,"2026-09-01 22:09:44.866784780 +0000",ffcce71b1775c12154aefe4e6a82e68224faa575ea3e9060e548c0be2414a720
"/data/project/wdump/links/latest//hewikiquote-latest-pages-articles-multistream.xml.bz2","/mnt/nfs/dumps/hewikiquote/20260901/hewikiquote-20260901-pages-articles-multistream.xml.bz2",12840954,"2026-09-01 22:08:03.466151171 +0000",a2f7223ec92476753c92f9564db36190402c8a1cacea5816b42ed26a85f3e9b1
"/data/project/wdump/links/latest//hewikisource-latest-pages-articles-multistream.xml.bz2","/mnt/nfs/dumps/hewikisource/20260901/hewikisource-20260901-pages-articles-multistream.xml.bz2",471096390,"2026-09-01 23:12:11.933360798 +0000",13baebf8a2a63c4c75484daf16dd1bc2dfb3c8639c93f673f40163b983a879b5
"/data/project/wdump/links/latest//hewikivoyage-latest-pages-articles-multistream.xml.bz2","/mnt/nfs/dumps/hewikivoyage/20260901/hewikivoyage-20260901-pages-articles-multistream.xml.bz2",13089674,"2026-09-01 22:33:11.998422186 +0000",31b6786339612df9281affe2ea924f71a58ba5a4b3bea36ab7c0de5848bd681d
"/data/project/wdump/links/latest//hewiktionary-latest-pages-articles-multistream.xml.bz2","/mnt/nfs/dumps/hewiktionary/20260901/hewiktionary-20260901-pages-articles-multistream.xml.bz2",16071066,"2026-09-01 22:08:33.734243542 +0000",55f13f25aa61060048c38b47bf0368e1fc0433b9ac8f72689f9b5a56ad473664
"/data/project/wdump/links/latest//hifwiki-latest-pages-articles-multistream.xml.bz2","/mnt/nfs/dumps/hifwiki/20260901/hifwiki-20260901-pages-articles-multistream.xml.bz2",10091046,"2026-09-01 22:27:18.113558665 +0000",1ae40ac5428200c5fcff938a37e6d8af268a51b92992c3d0d92cea62d5f4f5d3
"/data/project/wdump/links/latest//hifwiktionary-latest-pages-articles-multistream.xml.bz2","/mnt/nfs/dumps/hifwiktionary/20260901/hifwiktionary-20260901-pages-articles-multistream.xml.bz2",1185387,"2026-09-01 22:24:41.593250814 +0000",53ff34a69b83402e891ce7135f54fe269b0a5a45bf56f135720961a200804f77
"/data/project/wdump/links/latest//hiwiki-latest-pages-articles-multistream.xml.bz2","/mnt/nfs/dumps/hiwiki/20260901/hiwiki-20260901-pages-articles-multistream.xml.bz2",250442830,"2026-09-01 22:22:48.416781078 +0000",dff6ede295cbdc74f68194105041a4056eb3961a8b05170cfa5cd2d9efab18a7
"/data/project/wdump/links/latest//hiwikibooks-latest-pages-articles-multistream.xml.bz2","/mnt/nfs/dumps/hiwikibooks/20260901/hiwikibooks-20260901-pages-articles-multistream.xml.bz2",8390913,"2026-09-01 22:23:40.471198406 +0000",486d1af088dda513464bbf31b144cb7121cf2521d3f197ecdedf7d5e00ed4b7a
"/data/project/wdump/links/latest//hiwikimedia-latest-pages-articles-multistream.xml.bz2","/mnt/nfs/dumps/hiwikimedia/20260901/hiwikimedia-20260901-pages-articles-multistream.xml.bz2",29987,"2026-09-01 22:06:40.373896047 +0000",98756e66e6b59ad3429dec718d8ad1f152ce6426adb19e4f2a1296c8311ac85f
"/data/project/wdump/links/latest//hiwikiquote-latest-pages-articles-multistream.xml.bz2","/mnt/nfs/dumps/hiwikiquote/20260901/hiwikiquote-20260901-pages-articles-multistream.xml.bz2",3631215,"2026-09-01 22:06:22.577841087 +0000",42e31aac4e5a8e4269cb4fe11e230764ca2b0e7e5fd707f8f26807137e88266c
"/data/project/wdump/links/latest//hiwikisource-latest-pages-articles-multistream.xml.bz2","/mnt/nfs/dumps/hiwikisource/20260901/hiwikisource-20260901-pages-articles-multistream.xml.bz2",127888004,"2026-09-01 22:20:16.536336317 +0000",a3d042255306627389083923f0f235bf0f4e7751fbe7d8b6332eac723b7e32e2
"/data/project/wdump/links/latest//hiwikiversity-latest-pages-articles-multistream.xml.bz2","/mnt/nfs/dumps/hiwikiversity/20260901/hiwikiversity-20260901-pages-articles-multistream.xml.bz2",1798705,"2026-09-01 22:06:42.577902845 +0000",7e66300e865a14aa110e510e20c95ff704498e729055d035ceecf4188a075e7c
"/data/project/wdump/links/latest//hiwikivoyage-latest-pages-articles-multistream.xml.bz2","/mnt/nfs/dumps/hiwikivoyage/20260901/hiwikivoyage-20260901-pages-articles-multistream.xml.bz2",1032475,"2026-09-01 22:19:22.212203184 +0000",d4eabb648c50c08009424b8d071792c2f0a9369084b77703898bbd4801101914
"/data/project/wdump/links/latest//hiwiktionary-latest-pages-articles-multistream.xml.bz2","/mnt/nfs/dumps/hiwiktionary/20260901/hiwiktionary-20260901-pages-articles-multistream.xml.bz2",61352369,"2026-09-01 22:08:44.885237255 +0000",b86e578654db97c24ba573051cd136b7853babfd1ce500ca988d9a39fb7b5810
"/data/project/wdump/links/latest//howiki-latest-pages-articles-multistream.xml.bz2","/mnt/nfs/dumps/howiki/20260901/howiki-20260901-pages-articles-multistream.xml.bz2",9501,"2026-09-01 22:23:29.913478677 +0000",3ba348a5f8b9f56c98169bb5f516507ff95d0ff8064a06617b470fb6886b52af
"/data/project/wdump/links/latest//hrwiki-latest-pages-articles-multistream.xml.bz2","/mnt/nfs/dumps/hrwiki/20260901/hrwiki-20260901-pages-articles-multistream.xml.bz2",371288589,"2026-09-01 22:57:29.962762966 +0000",3b47e807ab3fb065c153b8f8d2c605dae744d3cca7a7713c1d74b0fc0795fd11
"/data/project/wdump/links/latest//hrwikibooks-latest-pages-articles-multistream.xml.bz2","/mnt/nfs/dumps/hrwikibooks/20260901/hrwikibooks-20260901-pages-articles-multistream.xml.bz2",1557822,"2026-09-01 22:01:57.657005879 +0000",86fa96d3667cb5e598ee87519aa1de069996da3007a7d0599cedfb495e7d7271
"/data/project/wdump/links/latest//hrwikiquote-latest-pages-articles-multistream.xml.bz2","/mnt/nfs/dumps/hrwikiquote/20260901/hrwikiquote-20260901-pages-articles-multistream.xml.bz2",2037040,"2026-09-01 22:13:51.431199297 +0000",bb438f09710392d3274049a497016b4eda6928351c2ce2f13ac2a9f9ea1d7a61
"/data/project/wdump/links/latest//hrwikisource-latest-pages-articles-multistream.xml.bz2","/mnt/nfs/dumps/hrwikisource/20260901/hrwikisource-20260901-pages-articles-multistream.xml.bz2",24295097,"2026-09-01 22:36:55.721927528 +0000",f045b9ffe441ff827b94b8e6ed8b0176c65ea7c0fb43a9118be164ccc5f3c523
"/data/project/wdump/links/latest//hrwiktionary-latest-pages-articles-multistream.xml.bz2","/mnt/nfs/dumps/hrwiktionary/20260901/hrwiktionary-20260901-pages-articles-multistream.xml.bz2",5871039,"2026-09-01 22:04:06.953417909 +0000",3056b58e533f31421d4568384345e0e2feeb29d3ee66883d9b4f0c665fe6415d
"/data/project/wdump/links/latest//hsbwiki-latest-pages-articles-multistream.xml.bz2","/mnt/nfs/dumps/hsbwiki/20260901/hsbwiki-20260901-pages-articles-multistream.xml.bz2",13241381,"2026-09-01 22:33:51.422679567 +0000",ec1d7664f2888e81eebc9147fb253d82eef7902ea9fe5f33cacda8dfab63be40
"/data/project/wdump/links/latest//hsbwiktionary-latest-pages-articles-multistream.xml.bz2","/mnt/nfs/dumps/hsbwiktionary/20260901/hsbwiktionary-20260901-pages-articles-multistream.xml.bz2",4870038,"2026-09-01 22:01:00.488065152 +0000",d38d7f4466324c469f9408dd7a6ec59f630818009909cd4c2150522d492e28b2
"/data/project/wdump/links/latest//htwiki-latest-pages-articles-multistream.xml.bz2","/mnt/nfs/dumps/htwiki/20260901/htwiki-20260901-pages-articles-multistream.xml.bz2",30411193,"2026-09-01 22:16:28.795849745 +0000",94922063b53ac88a6f7d638bd56ce744d3001c37a0a590d10714acb4269b8658
"/data/project/wdump/links/latest//htwikisource-latest-pages-articles-multistream.xml.bz2","/mnt/nfs/dumps/htwikisource/20260901/htwikisource-20260901-pages-articles-multistream.xml.bz2",126762,"2026-09-01 22:27:56.769188960 +0000",85ce53b47a4bdb69d03b1cac2dfa6629c53c19fda0edbc4aa2524ac49f31d10a
"/data/project/wdump/links/latest//huwiki-latest-pages-articles-multistream.xml.bz2","/mnt/nfs/dumps/huwiki/20260901/huwiki-20260901-pages-articles-multistream.xml.bz2",1298426343,"2026-09-01 13:33:31.409069181 +0000",3f29e5d1ce6149e6c468e922aeaedd45beb5efa47fdd3c70ad89ad0666658acd
"/data/project/wdump/links/latest//huwikibooks-latest-pages-articles-multistream.xml.bz2","/mnt/nfs/dumps/huwikibooks/20260901/huwikibooks-20260901-pages-articles-multistream.xml.bz2",40185480,"2026-09-01 22:17:22.656467013 +0000",cfe67a74982d3391f6f31c22b53bd3ad5c41a63d7442a1d851a32d944e7f4d15
"/data/project/wdump/links/latest//huwikinews-latest-pages-articles-multistream.xml.bz2","/mnt/nfs/dumps/huwikinews/20260901/huwikinews-20260901-pages-articles-multistream.xml.bz2",1465386,"2026-09-01 22:16:14.791529480 +0000",88817a85d87b15f56b8d1d949ae0ed1b778f28c79c21346c2288b76aea09c6a1
"/data/project/wdump/links/latest//huwikiquote-latest-pages-articles-multistream.xml.bz2","/mnt/nfs/dumps/huwikiquote/20260901/huwikiquote-20260901-pages-articles-multistream.xml.bz2",3475471,"2026-09-01 22:00:34.055928027 +0000",bd941e5fbbdcd60dce2eebc359533c1bfc4aa27cd3ffaa6bc0eb1abbb5b3202b
"/data/project/wdump/links/latest//huwikisource-latest-pages-articles-multistream.xml.bz2","/mnt/nfs/dumps/huwikisource/20260901/huwikisource-20260901-pages-articles-multistream.xml.bz2",36627489,"2026-09-01 22:03:27.537293294 +0000",6b66d4ede07862f697a538cb54c209ca5329512cdc4cc45c30357f01237bfd78
"/data/project/wdump/links/latest//huwiktionary-latest-pages-articles-multistream.xml.bz2","/mnt/nfs/dumps/huwiktionary/20260901/huwiktionary-20260901-pages-articles-multistream.xml.bz2",110797665,"2026-09-01 22:34:57.826056182 +0000",faffe0681632973322928ea62061f3ffaa2ad9f8905180460c7c6fc6e16ba25f
"/data/project/wdump/links/latest//hywiki-latest-pages-articles-multistream.xml.bz2","/mnt/nfs/dumps/hywiki/20260901/hywiki-20260901-pages-articles-multistream.xml.bz2",623057287,"2026-09-01 23:14:01.153224462 +0000",a8b164560d48fe43d50c4ec8427c664aea6b1adc981e84b2501b607c355f9999
"/data/project/wdump/links/latest//hywikibooks-latest-pages-articles-multistream.xml.bz2","/mnt/nfs/dumps/hywikibooks/20260901/hywikibooks-20260901-pages-articles-multistream.xml.bz2",508574,"2026-09-01 22:03:32.197308069 +0000",c9b5642a2bc39b407e3aa6c09e9a62e0d55a44e2fe27528331d29b8ed49aebd1
"/data/project/wdump/links/latest//hywikiquote-latest-pages-articles-multistream.xml.bz2","/mnt/nfs/dumps/hywikiquote/20260901/hywikiquote-20260901-pages-articles-multistream.xml.bz2",2960516,"2026-09-01 22:56:49.838647196 +0000",fedf4c7f8d798b1f383ac41f64672b33d4a1ab48b1c9c14dfb153fcde4f2b7ce
"/data/project/wdump/links/latest//hywikisource-latest-pages-articles-multistream.xml.bz2","/mnt/nfs/dumps/hywikisource/20260901/hywikisource-20260901-pages-articles-multistream.xml.bz2",109639195,"2026-09-01 22:11:17.263263885 +0000",02b3107e4e37af3d94d714cb4e078a7cea7c017e7fedbbf59d9a80d74bfff0ef
"/data/project/wdump/links/latest//hywiktionary-latest-pages-articles-multistream.xml.bz2","/mnt/nfs/dumps/hywiktionary/20260901/hywiktionary-20260901-pages-articles-multistream.xml.bz2",48083784,"2026-09-01 22:04:34.193503570 +0000",9a5f3d242e7ad09b2225b8c2e4e3b669802e046467bec8712e58ae29582ca85a
"/data/project/wdump/links/latest//hywwiki-latest-pages-articles-multistream.xml.bz2","/mnt/nfs/dumps/hywwiki/20260901/hywwiki-20260901-pages-articles-multistream.xml.bz2",25232493,"2026-09-01 22:18:48.412137630 +0000",41950b2f382c6108a6fa17d4988282458dafe87c5118b74c4803a6a562f7b330
"/data/project/wdump/links/latest//hzwiki-latest-pages-articles-multistream.xml.bz2","/mnt/nfs/dumps/hzwiki/20260901/hzwiki-20260901-pages-articles-multistream.xml.bz2",7576,"2026-09-01 22:01:41.604954026 +0000",7fc4aefde8a3a928da17e055a98b85a8c5e31c49f085e94bd6cec9544da96f06
"/data/project/wdump/links/latest//iawiki-latest-pages-articles-multistream.xml.bz2","/mnt/nfs/dumps/iawiki/20260901/iawiki-20260901-pages-articles-multistream.xml.bz2",15990423,"2026-09-01 22:47:59.727763988 +0000",cf43bf3b85f21cfe04674837277a10b99a14cd52c57431a3e46744c5c4797191
"/data/project/wdump/links/latest//iawikibooks-latest-pages-articles-multistream.xml.bz2","/mnt/nfs/dumps/iawikibooks/20260901/iawikibooks-20260901-pages-articles-multistream.xml.bz2",2323221,"2026-09-01 21:54:14.243415349 +0000",8b724a814f985115e6e6470372742b87ba0f71d228542523e81b55a2d70a5279
"/data/project/wdump/links/latest//iawiktionary-latest-pages-articles-multistream.xml.bz2","/mnt/nfs/dumps/iawiktionary/20260901/iawiktionary-20260901-pages-articles-multistream.xml.bz2",7854225,"2026-09-01 20:31:09.446175940 +0000",46b307cc3605ff9071ce4b476cd73619d107e85c08dfc061035227ec175d868c
"/data/project/wdump/links/latest//ibawiki-latest-pages-articles-multistream.xml.bz2","/mnt/nfs/dumps/ibawiki/20260901/ibawiki-20260901-pages-articles-multistream.xml.bz2",8051652,"2026-09-01 20:30:23.742151882 +0000",d543a94e7e452faf8e96ec7996fc81291ca71ee0b959277989d58146a0e75d8f
"/data/project/wdump/links/latest//idwiki-latest-pages-articles-multistream.xml.bz2","/mnt/nfs/dumps/idwiki/20260901/idwiki-20260901-pages-articles-multistream.xml.bz2",1320314985,"2026-09-01 14:40:14.727257562 +0000",5e95fbdc9fa3125c9ebfcbae64be5fe4f0b8527e8ce14b52906cede3a79d21e7
"/data/project/wdump/links/latest//idwikibooks-latest-pages-articles-multistream.xml.bz2","/mnt/nfs/dumps/idwikibooks/20260901/idwikibooks-20260901-pages-articles-multistream.xml.bz2",14941704,"2026-09-01 21:35:35.255814665 +0000",f1fb24196559c96ddad102622af43d0be5f097a94eba3c44a6f403ae05b521d5
"/data/project/wdump/links/latest//idwikimedia-latest-pages-articles-multistream.xml.bz2","/mnt/nfs/dumps/idwikimedia/20260901/idwikimedia-20260901-pages-articles-multistream.xml.bz2",7907064,"2026-09-01 21:35:43.712202891 +0000",7a13f1795ae9e021fb30dc14784d0778ed29acc95468c0a2dd332d84b03e85db
"/data/project/wdump/links/latest//idwikiquote-latest-pages-articles-multistream.xml.bz2","/mnt/nfs/dumps/idwikiquote/20260901/idwikiquote-20260901-pages-articles-multistream.xml.bz2",5968099,"2026-09-01 22:36:30.727136103 +0000",6fcfee6b79cb9ae012630efb68578170a3074b19cdc05f88591246a7633537b5
"/data/project/wdump/links/latest//idwikisource-latest-pages-articles-multistream.xml.bz2","/mnt/nfs/dumps/idwikisource/20260901/idwikisource-20260901-pages-articles-multistream.xml.bz2",55650939,"2026-09-01 22:41:10.160773826 +0000",5a1f2fc3f7a2e96af4d9d1dfd9626667aa92021f0132347fedebb750e316f8ae
"/data/project/wdump/links/latest//idwikivoyage-latest-pages-articles-multistream.xml.bz2","/mnt/nfs/dumps/idwikivoyage/20260901/idwikivoyage-20260901-pages-articles-multistream.xml.bz2",3329021,"2026-09-01 22:37:13.007257433 +0000",c2a560015993f3a01140ff65d0206496f325e8e6f9263f87cafbe16b57c38711
"/data/project/wdump/links/latest//idwiktionary-latest-pages-articles-multistream.xml.bz2","/mnt/nfs/dumps/idwiktionary/20260901/idwiktionary-20260901-pages-articles-multistream.xml.bz2",48009754,"2026-09-01 19:53:31.667628672 +0000",ad13b915dc580578a497963818699f98b9ea4bd3d131687c8f7451923bdeee11
"/data/project/wdump/links/latest//iewiki-latest-pages-articles-multistream.xml.bz2","/mnt/nfs/dumps/iewiki/20260901/iewiki-20260901-pages-articles-multistream.xml.bz2",5056473,"2026-09-01 22:39:41.151682981 +0000",1c790d87bd02b146bdd92dd6e4aec01f3f09fb692a371295daeda134737c3933
"/data/project/wdump/links/latest//iewikibooks-latest-pages-articles-multistream.xml.bz2","/mnt/nfs/dumps/iewikibooks/20260901/iewikibooks-20260901-pages-articles-multistream.xml.bz2",88847,"2026-09-01 22:37:58.367234337 +0000",58a5748883a8e24052a9e246b6c41b981afb2ee891f3df0aeed9354739b450e9
"/data/project/wdump/links/latest//iewiktionary-latest-pages-articles-multistream.xml.bz2","/mnt/nfs/dumps/iewiktionary/20260901/iewiktionary-20260901-pages-articles-multistream.xml.bz2",535935,"2026-09-01 22:39:56.555727262 +0000",f222eb26c595b3ca9e1838c99956e3f3f7543983b683d994bde01d07f78960bc
"/data/project/wdump/links/latest//iglwiki-latest-pages-articles-multistream.xml.bz2","/mnt/nfs/dumps/iglwiki/20260901/iglwiki-20260901-pages-articles-multistream.xml.bz2",3281999,"2026-09-01 22:42:45.120212164 +0000",467734aedcd9b4746cfc0c5ba75c506473b7599e9d4dd60cab2a030b3eba8de9
"/data/project/wdump/links/latest//igwiki-latest-pages-articles-multistream.xml.bz2","/mnt/nfs/dumps/igwiki/20260901/igwiki-20260901-pages-articles-multistream.xml.bz2",89173321,"2026-09-01 21:31:26.450815152 +0000",52e8ac13aededa1a1a71609dcc694c499d913df3d9fc350234d966ec2209bef1
"/data/project/wdump/links/latest//igwikiquote-latest-pages-articles-multistream.xml.bz2","/mnt/nfs/dumps/igwikiquote/20260901/igwikiquote-20260901-pages-articles-multistream.xml.bz2",9495951,"2026-09-01 22:44:21.504489655 +0000",e0fc3a75698c152e5fc3792a893fc0f5cc38fb57f02892d12519abd0c90a9e3c
"/data/project/wdump/links/latest//igwiktionary-latest-pages-articles-multistream.xml.bz2","/mnt/nfs/dumps/igwiktionary/20260901/igwiktionary-20260901-pages-articles-multistream.xml.bz2",1414776,"2026-09-01 22:43:15.376299256 +0000",4c7df4ecddf54c11365a5b8173c6da5f41d553d9dad76042870ecede8050012e
"/data/project/wdump/links/latest//iiwiki-latest-pages-articles-multistream.xml.bz2","/mnt/nfs/dumps/iiwiki/20260901/iiwiki-20260901-pages-articles-multistream.xml.bz2",22704,"2026-09-01 22:49:44.777410905 +0000",95b74b783c20ff341c46e7edfb9a58711e9c2f2817b1cd6ced98e898f852dab0
"/data/project/wdump/links/latest//ikwiki-latest-pages-articles-multistream.xml.bz2","/mnt/nfs/dumps/ikwiki/20260901/ikwiki-20260901-pages-articles-multistream.xml.bz2",392073,"2026-09-01 22:43:30.648343222 +0000",285c9ce680cca07a9d1e27f7389494bc1cfb6389c253bf587bd1ae1467898398
"/data/project/wdump/links/latest//ikwiktionary-latest-pages-articles-multistream.xml.bz2","/mnt/nfs/dumps/ikwiktionary/20260901/ikwiktionary-20260901-pages-articles-multistream.xml.bz2",81729,"2026-09-01 22:49:18.685478394 +0000",12f1bd0151ffc7b81da2d02426f9a58075745b8a68ca5d220e4276f4c9ccebd5
"/data/project/wdump/links/latest//ilowiki-latest-pages-articles-multistream.xml.bz2","/mnt/nfs/dumps/ilowiki/20260901/ilowiki-20260901-pages-articles-multistream.xml.bz2",21120349,"2026-09-01 22:47:11.897921047 +0000",fea2c63e4f67dd4d62154e91e5b1ff4d3c2a5ebd5caae83b87ee0004bad20337
"/data/project/wdump/links/latest//incubatorwiki-latest-pages-articles-multistream.xml.bz2","/mnt/nfs/dumps/incubatorwiki/20260901/incubatorwiki-20260901-pages-articles-multistream.xml.bz2",208397200,"2026-09-01 13:09:57.482676052 +0000",64cf637dc15c73d1a33ea69076b0bc72896c04dd154bfe4c43b0108741183cb4
"/data/project/wdump/links/latest//inhwiki-latest-pages-articles-multistream.xml.bz2","/mnt/nfs/dumps/inhwiki/20260901/inhwiki-20260901-pages-articles-multistream.xml.bz2",7317066,"2026-09-01 21:53:34.811267712 +0000",4659414b2d90e3a54fd073343ec0a7f400a1db27ceea4e3a86340876c797eea2
"/data/project/wdump/links/latest//iowiki-latest-pages-articles-multistream.xml.bz2","/mnt/nfs/dumps/iowiki/20260901/iowiki-20260901-pages-articles-multistream.xml.bz2",27099565,"2026-09-01 22:04:58.769580551 +0000",b19a1c216cf7093331adb6507f779645d496e9626071af36ed2a5a63424068b1
"/data/project/wdump/links/latest//iowiktionary-latest-pages-articles-multistream.xml.bz2","/mnt/nfs/dumps/iowiktionary/20260901/iowiktionary-20260901-pages-articles-multistream.xml.bz2",39880176,"2026-09-01 20:20:42.868435453 +0000",109a7eb294a05983fb5d12a29135176fcd59910914f4b80c23b4b30ade020407
"/data/project/wdump/links/latest//isvwiki-latest-pages-articles-multistream.xml.bz2","/mnt/nfs/dumps/isvwiki/20260901/isvwiki-20260901-pages-articles-multistream.xml.bz2",3977269,"2026-09-10 08:22:11.739099886 +0000",84f9fe564922352936f09c61e27078abd9cc55b2459332307e55762daab0b1d1
"/data/project/wdump/links/latest//iswiki-latest-pages-articles-multistream.xml.bz2","/mnt/nfs/dumps/iswiki/20260901/iswiki-20260901-pages-articles-multistream.xml.bz2",71701777,"2026-09-01 20:01:14.286426335 +0000",e271e5a86d85142c115b5e31dfe204a149817c8c51b4f1785ae0955435381dab
"/data/project/wdump/links/latest//iswikibooks-latest-pages-articles-multistream.xml.bz2","/mnt/nfs/dumps/iswikibooks/20260901/iswikibooks-20260901-pages-articles-multistream.xml.bz2",2301015,"2026-09-01 17:00:54.316869155 +0000",85f31c0341544ec7afac5f64700ce9f9d44d3f773b7325cd05a1bdb74bbd1121
"/data/project/wdump/links/latest//iswikiquote-latest-pages-articles-multistream.xml.bz2","/mnt/nfs/dumps/iswikiquote/20260901/iswikiquote-20260901-pages-articles-multistream.xml.bz2",381547,"2026-09-01 17:00:22.960110616 +0000",ae56d03891e3843ca735e0bec340d0044de54e0ff3e9cd59c7242c70c797df4a
"/data/project/wdump/links/latest//iswikisource-latest-pages-articles-multistream.xml.bz2","/mnt/nfs/dumps/iswikisource/20260901/iswikisource-20260901-pages-articles-multistream.xml.bz2",6686603,"2026-09-01 22:48:00.463692016 +0000",f52acae4b6497b426fe96b50df990c07c987957e5d07f7e9656cea1c6cf7af43
"/data/project/wdump/links/latest//iswiktionary-latest-pages-articles-multistream.xml.bz2","/mnt/nfs/dumps/iswiktionary/20260901/iswiktionary-20260901-pages-articles-multistream.xml.bz2",13407441,"2026-09-01 21:28:26.349332609 +0000",81c29cfa856443fd61d286c99acac83eac9379ad88e6afd21d22b28bccbb2b56
"/data/project/wdump/links/latest//itwiki-latest-pages-articles-multistream.xml.bz2","/mnt/nfs/dumps/itwiki/20260901/itwiki-20260901-pages-articles-multistream.xml.bz2",4438065634,"2026-09-02 14:11:38.585905281 +0000",7098e136278c4c86a272b266a2962551982daa1560300ff683846ee9aaa04cff
"/data/project/wdump/links/latest//itwikibooks-latest-pages-articles-multistream.xml.bz2","/mnt/nfs/dumps/itwikibooks/20260901/itwikibooks-20260901-pages-articles-multistream.xml.bz2",35893511,"2026-09-01 16:47:20.493648551 +0000",b1016abbde92356bf46009de20665011f441a4a217182f93f42fded6dddcf465
"/data/project/wdump/links/latest//itwikinews-latest-pages-articles-multistream.xml.bz2","/mnt/nfs/dumps/itwikinews/20260901/itwikinews-20260901-pages-articles-multistream.xml.bz2",17605616,"2026-09-01 22:44:46.420561411 +0000",cf2840bfc9194894d59d796bbff86a96b76d10b69ffb9cd3ae75f0d4cc4f5b60
"/data/project/wdump/links/latest//itwikiquote-latest-pages-articles-multistream.xml.bz2","/mnt/nfs/dumps/itwikiquote/20260901/itwikiquote-20260901-pages-articles-multistream.xml.bz2",100552536,"2026-09-01 22:49:28.332233866 +0000",c8752a3d0b63990857dc4873d50f9230a563bafe7b44a77988e421e0dbb09f28
"/data/project/wdump/links/latest//itwikisource-latest-pages-articles-multistream.xml.bz2","/mnt/nfs/dumps/itwikisource/20260901/itwikisource-20260901-pages-articles-multistream.xml.bz2",478669711,"2026-09-01 23:04:18.205357137 +0000",ddd7a9597e6868b0cb793b33463e4ebea33ff94555d2e6a37dbabe8ea150edda
"/data/project/wdump/links/latest//itwikiversity-latest-pages-articles-multistream.xml.bz2","/mnt/nfs/dumps/itwikiversity/20260901/itwikiversity-20260901-pages-articles-multistream.xml.bz2",19644348,"2026-09-01 22:43:20.924650175 +0000",044c31e9a9e94dac7e561a56b37498efcece56569cc298eb25ae6a0b056c22f4
"/data/project/wdump/links/latest//itwikivoyage-latest-pages-articles-multistream.xml.bz2","/mnt/nfs/dumps/itwikivoyage/20260901/itwikivoyage-20260901-pages-articles-multistream.xml.bz2",51659730,"2026-09-01 17:07:38.654100491 +0000",c03ded340cd2412e5e4a8f9f82fe0cee8952107f3d0104543c2f375eacdbda48
"/data/project/wdump/links/latest//itwiktionary-latest-pages-articles-multistream.xml.bz2","/mnt/nfs/dumps/itwiktionary/20260901/itwiktionary-20260901-pages-articles-multistream.xml.bz2",88374889,"2026-09-01 19:52:27.786347043 +0000",8891271c08976e9940dd6312f633b9334d684e51cefd62e0c5785b7f47928ed3
"/data/project/wdump/links/latest//iuwiki-latest-pages-articles-multistream.xml.bz2","/mnt/nfs/dumps/iuwiki/20260901/iuwiki-20260901-pages-articles-multistream.xml.bz2",484529,"2026-09-01 17:04:57.783192413 +0000",f6f85ac9ef551adeae1bc5c9831b38854c6a77bee4a5d1d393ddedbe9e950e08
"/data/project/wdump/links/latest//iuwiktionary-latest-pages-articles-multistream.xml.bz2","/mnt/nfs/dumps/iuwiktionary/20260901/iuwiktionary-20260901-pages-articles-multistream.xml.bz2",145553,"2026-09-01 17:04:40.045556659 +0000",471da72a5fb7ed2baaa1f8e50271ef727f0f5c6b6a7d0612c2233e74c0bd21aa
"/data/project/wdump/links/latest//jamwiki-latest-pages-articles-multistream.xml.bz2","/mnt/nfs/dumps/jamwiki/20260901/jamwiki-20260901-pages-articles-multistream.xml.bz2",1076644,"2026-09-01 17:05:55.831619402 +0000",17206176a31a0d6e08ccc15ceb5595add040f7cdeff86453dbe81f2aab9bda9c
"/data/project/wdump/links/latest//jawiki-latest-pages-articles-multistream.xml.bz2","/mnt/nfs/dumps/jawiki/20260901/jawiki-20260901-pages-articles-multistream.xml.bz2",4852895748,"2026-09-02 14:11:22.205872820 +0000",888a2a81e7e2888f364953a69d5fc55b88449df8977eb2be01316a4c53da7252
"/data/project/wdump/links/latest//jawikibooks-latest-pages-articles-multistream.xml.bz2","/mnt/nfs/dumps/jawikibooks/20260901/jawikibooks-20260901-pages-articles-multistream.xml.bz2",30818621,"2026-09-01 18:29:12.687249118 +0000",66bda459a7ddae30ecc005d992246d762713275bac3968270200fe5b41431c4d
"/data/project/wdump/links/latest//jawikinews-latest-pages-articles-multistream.xml.bz2","/mnt/nfs/dumps/jawikinews/20260901/jawikinews-20260901-pages-articles-multistream.xml.bz2",11500215,"2026-09-01 17:06:14.683374151 +0000",936d542ed73df65a672b87b8724b50b6645d357ee404d40000a68fb61c2745f9
"/data/project/wdump/links/latest//jawikiquote-latest-pages-articles-multistream.xml.bz2","/mnt/nfs/dumps/jawikiquote/20260901/jawikiquote-20260901-pages-articles-multistream.xml.bz2",2171896,"2026-09-01 17:11:05.304928443 +0000",865e17e69d5cb5308264ee22c7b7552246306b609cd9847591cd6dd2395bfb3f
"/data/project/wdump/links/latest//jawikisource-latest-pages-articles-multistream.xml.bz2","/mnt/nfs/dumps/jawikisource/20260901/jawikisource-20260901-pages-articles-multistream.xml.bz2",82426136,"2026-09-01 19:48:52.594814782 +0000",8c3665c69e7440dd06fbfc84c884cf856007bde4187f07599f8634675b68ef10
"/data/project/wdump/links/latest//jawikiversity-latest-pages-articles-multistream.xml.bz2","/mnt/nfs/dumps/jawikiversity/20260901/jawikiversity-20260901-pages-articles-multistream.xml.bz2",2003290,"2026-09-01 17:08:18.893747982 +0000",77418ffdc29594a77e19a103a9dd5ac3aa323680e8a506388f7a8d9941e74e7b
"/data/project/wdump/links/latest//jawikivoyage-latest-pages-articles-multistream.xml.bz2","/mnt/nfs/dumps/jawikivoyage/20260901/jawikivoyage-20260901-pages-articles-multistream.xml.bz2",6357035,"2026-09-01 18:27:02.864045883 +0000",c47e0f6368580de95db18c003f360bdd5d9cf8e67244910b771a4629ae99560f
"/data/project/wdump/links/latest//jawiktionary-latest-pages-articles-multistream.xml.bz2","/mnt/nfs/dumps/jawiktionary/20260901/jawiktionary-20260901-pages-articles-multistream.xml.bz2",112050803,"2026-09-01 19:56:38.744176981 +0000",74db48cbd5b49670155cb927e5c3259c97b045018679bf414bf25a27f5c05c60
"/data/project/wdump/links/latest//jbowiki-latest-pages-articles-multistream.xml.bz2","/mnt/nfs/dumps/jbowiki/20260901/jbowiki-20260901-pages-articles-multistream.xml.bz2",1572352,"2026-09-01 19:49:30.755388928 +0000",0114d458fe7fb4e5ddebd0805a5d801c7ac99dceff5b9e9811f021bd0401a89e
"/data/project/wdump/links/latest//jbowiktionary-latest-pages-articles-multistream.xml.bz2","/mnt/nfs/dumps/jbowiktionary/20260901/jbowiktionary-20260901-pages-articles-multistream.xml.bz2",555424,"2026-09-01 17:11:16.652858484 +0000",b8f0da79905a3f801dfebcee2ea2f28ea9cea0b6c68b51cdb4f873bd3ab18cf0
"/data/project/wdump/links/latest//jvwiki-latest-pages-articles-multistream.xml.bz2","/mnt/nfs/dumps/jvwiki/20260901/jvwiki-20260901-pages-articles-multistream.xml.bz2",66048295,"2026-09-01 19:53:33.439633858 +0000",216c8928f0910a9bcbb15b3a2344bb1bf74af74a46c567ad75846b7b164de4b6
"/data/project/wdump/links/latest//jvwikisource-latest-pages-articles-multistream.xml.bz2","/mnt/nfs/dumps/jvwikisource/20260901/jvwikisource-20260901-pages-articles-multistream.xml.bz2",14232618,"2026-09-01 22:43:22.476319477 +0000",3c61abcdb798c983f6fddbe3d8368a8bfd3bba7ee39943b92312ad8ca5eece06
"/data/project/wdump/links/latest//jvwiktionary-latest-pages-articles-multistream.xml.bz2","/mnt/nfs/dumps/jvwiktionary/20260901/jvwiktionary-20260901-pages-articles-multistream.xml.bz2",10439799,"2026-09-01 16:45:10.672468420 +0000",a60f7715f6b5ad0c0f513a249014bf431aad502a94d8fccda8cfaf6866159ce7
"/data/project/wdump/links/latest//kaawiki-latest-pages-articles-multistream.xml.bz2","/mnt/nfs/dumps/kaawiki/20260901/kaawiki-20260901-pages-articles-multistream.xml.bz2",18106044,"2026-09-01 22:03:23.521280550 +0000",f09eb099507b2fa3c3203dffd0842b67be8c56438a67b8e218c46476a9f284f8
"/data/project/wdump/links/latest//kaawiktionary-latest-pages-articles-multistream.xml.bz2","/mnt/nfs/dumps/kaawiktionary/20260901/kaawiktionary-20260901-pages-articles-multistream.xml.bz2",1876474,"2026-09-01 19:51:06.114808937 +0000",81aa552237d290502810f76a7d443e0a210c69f550e2bb975a14d12425c3c068
"/data/project/wdump/links/latest//kabwiki-latest-pages-articles-multistream.xml.bz2","/mnt/nfs/dumps/kabwiki/20260901/kabwiki-20260901-pages-articles-multistream.xml.bz2",5427547,"2026-09-01 15:42:53.350466135 +0000",0c979c224aa9cd2a083623d13c9a8e7225c8c3fca53e33dcfc3beb64c7d3a4f0
"/data/project/wdump/links/latest//kaiwiki-latest-pages-articles-multistream.xml.bz2","/mnt/nfs/dumps/kaiwiki/20260901/kaiwiki-20260901-pages-articles-multistream.xml.bz2",1656556,"2026-09-01 17:18:17.899789510 +0000",3ee140074f61abfe33a3c55c23fc9f4d90bb9a0b285ab8961ba5ff5562ecad74
"/data/project/wdump/links/latest//kajwiki-latest-pages-articles-multistream.xml.bz2","/mnt/nfs/dumps/kajwiki/20260901/kajwiki-20260901-pages-articles-multistream.xml.bz2",622400,"2026-09-01 21:53:47.263314614 +0000",f9a31236e02061e328daff2ee75e00c6a8e4280cb9aad3567dfe04b9ab7d23fe
"/data/project/wdump/links/latest//kawiki-latest-pages-articles-multistream.xml.bz2","/mnt/nfs/dumps/kawiki/20260901/kawiki-20260901-pages-articles-multistream.xml.bz2",260864451,"2026-09-01 22:42:58.880251770 +0000",08056b2df36291c055e6d90abb46d3f171078ba8f7e0adf31fc6c3427cc97aaf
"/data/project/wdump/links/latest//kawikibooks-latest-pages-articles-multistream.xml.bz2","/mnt/nfs/dumps/kawikibooks/20260901/kawikibooks-20260901-pages-articles-multistream.xml.bz2",1475441,"2026-09-01 21:54:14.163415052 +0000",dc36fe8f2b0d1c0f86981ffdf3fdb1d9070640461f0a1c405bf5f1d51aa43897
"/data/project/wdump/links/latest//kawikiquote-latest-pages-articles-multistream.xml.bz2","/mnt/nfs/dumps/kawikiquote/20260901/kawikiquote-20260901-pages-articles-multistream.xml.bz2",1858950,"2026-09-01 21:53:43.607300870 +0000",62bcd51a6e0ff84d746972738108296cdf2ee076ddae471cf33698b8dafa2e3d
"/data/project/wdump/links/latest//kawikisource-latest-pages-articles-multistream.xml.bz2","/mnt/nfs/dumps/kawikisource/20260901/kawikisource-20260901-pages-articles-multistream.xml.bz2",14432813,"2026-09-01 21:54:18.511431177 +0000",889eee3ec484f575a7f58bbce270f7fbc811473ae962b4122f2cae1c072d9231
"/data/project/wdump/links/latest//kawiktionary-latest-pages-articles-multistream.xml.bz2","/mnt/nfs/dumps/kawiktionary/20260901/kawiktionary-20260901-pages-articles-multistream.xml.bz2",6018387,"2026-09-01 15:39:47.590006058 +0000",756dff6866446e84d1ae185d50b1a91d298f6b33184d95ac6b6cb460d1824ea0
"/data/project/wdump/links/latest//kbdwiki-latest-pages-articles-multistream.xml.bz2","/mnt/nfs/dumps/kbdwiki/20260901/kbdwiki-20260901-pages-articles-multistream.xml.bz2",2057398,"2026-09-01 17:00:53.524866742 +0000",4cf20fa6fb47f1ae9467dfc770426917af99700c15db3a00f42b30c64785f613
"/data/project/wdump/links/latest//kbdwiktionary-latest-pages-articles-multistream.xml.bz2","/mnt/nfs/dumps/kbdwiktionary/20260901/kbdwiktionary-20260901-pages-articles-multistream.xml.bz2",15980523,"2026-09-01 16:48:26.097253434 +0000",7c82c7955b63d403c2b2ed411921fbf002b30f9236cc8845e2485c910381d070
"/data/project/wdump/links/latest//kbpwiki-latest-pages-articles-multistream.xml.bz2","/mnt/nfs/dumps/kbpwiki/20260901/kbpwiki-20260901-pages-articles-multistream.xml.bz2",1731230,"2026-09-01 21:35:57.404240048 +0000",29fc41aa9014ee58b2335f9ec98dbe340ddbdbd4a9a86c4dc37523dcea503192
"/data/project/wdump/links/latest//kcgwiki-latest-pages-articles-multistream.xml.bz2","/mnt/nfs/dumps/kcgwiki/20260901/kcgwiki-20260901-pages-articles-multistream.xml.bz2",4793967,"2026-09-01 20:18:03.043963298 +0000",e45e7050c16a038e7f5937f763b730e8406174a3a5fc8dce7536a958a184628c
"/data/project/wdump/links/latest//kcgwiktionary-latest-pages-articles-multistream.xml.bz2","/mnt/nfs/dumps/kcgwiktionary/20260901/kcgwiktionary-20260901-pages-articles-multistream.xml.bz2",2177839,"2026-09-01 16:51:04.631765737 +0000",907bba715162a9ac3660f4490128c570d188625abaf7afafda2c3a093106ad2a
"/data/project/wdump/links/latest//kgewiki-latest-pages-articles-multistream.xml.bz2","/mnt/nfs/dumps/kgewiki/20260901/kgewiki-20260901-pages-articles-multistream.xml.bz2",3173289,"2026-09-01 22:24:03.394878726 +0000",517792fb08fc7123dbe18f3fe50a6a025ed3eef4bfdb960757d74183dbf62c76
"/data/project/wdump/links/latest//kgwiki-latest-pages-articles-multistream.xml.bz2","/mnt/nfs/dumps/kgwiki/20260901/kgwiki-20260901-pages-articles-multistream.xml.bz2",1526275,"2026-09-01 20:16:21.784538158 +0000",a261c8434c9c0e3321c9877cc3d143c2964f6d7db06cdbd61886905789562eed
"/data/project/wdump/links/latest//kiwiki-latest-pages-articles-multistream.xml.bz2","/mnt/nfs/dumps/kiwiki/20260901/kiwiki-20260901-pages-articles-multistream.xml.bz2",1728507,"2026-09-01 20:10:03.382546916 +0000",b819b22ed506543491842e9019ad0edf4f01247b95e9edcac636807344d2b0d8
"/data/project/wdump/links/latest//kjwiki-latest-pages-articles-multistream.xml.bz2","/mnt/nfs/dumps/kjwiki/20260901/kjwiki-20260901-pages-articles-multistream.xml.bz2",7661,"2026-09-01 18:28:37.352471373 +0000",120f3f715f550a7b7a897d7c133144c20bf29de85c7a20b8aabf5a988339b37d
"/data/project/wdump/links/latest//kkwiki-latest-pages-articles-multistream.xml.bz2","/mnt/nfs/dumps/kkwiki/20260901/kkwiki-20260901-pages-articles-multistream.xml.bz2",175927046,"2026-09-01 21:28:16.709749685 +0000",20b3869c4ea4898dfeaa98ed67dee4716226d3e82ff09176c5343e13784a2710
"/data/project/wdump/links/latest//kkwikibooks-latest-pages-articles-multistream.xml.bz2","/mnt/nfs/dumps/kkwikibooks/20260901/kkwikibooks-20260901-pages-articles-multistream.xml.bz2",1084882,"2026-09-01 20:19:54.240159166 +0000",e0651e9147ea68086093634104fd9095917e459ef983ed6d65fc67fd4e4b5665
"/data/project/wdump/links/latest//kkwikiquote-latest-pages-articles-multistream.xml.bz2","/mnt/nfs/dumps/kkwikiquote/20260901/kkwikiquote-20260901-pages-articles-multistream.xml.bz2",14738,"2026-09-01 20:12:09.690919762 +0000",26257c3d37bf59c0bb280ed212fa207f8c55d69de8fe580f680ecac6757db9bc
"/data/project/wdump/links/latest//kkwiktionary-latest-pages-articles-multistream.xml.bz2","/mnt/nfs/dumps/kkwiktionary/20260901/kkwiktionary-20260901-pages-articles-multistream.xml.bz2",2107915,"2026-09-01 20:29:46.550041969 +0000",b23775488ea95386b416f981ca606a1c9c8574b6d6365c02b5e6662c62eb9775
"/data/project/wdump/links/latest//klwiki-latest-pages-articles-multistream.xml.bz2","/mnt/nfs/dumps/klwiki/20260901/klwiki-20260901-pages-articles-multistream.xml.bz2",5407,"2026-09-01 21:54:48.114072784 +0000",7ac0f0a615cbadc1345f137730acb2f7171e6dcb6d95f79e4990431714189d64
"/data/project/wdump/links/latest//klwiktionary-latest-pages-articles-multistream.xml.bz2","/mnt/nfs/dumps/klwiktionary/20260901/klwiktionary-20260901-pages-articles-multistream.xml.bz2",379332,"2026-09-01 21:51:51.086865981 +0000",9de8dd4626df20989af475c11b3c3e683222d2787f58aa1612737e31bc462909
"/data/project/wdump/links/latest//kmwiki-latest-pages-articles-multistream.xml.bz2","/mnt/nfs/dumps/kmwiki/20260901/kmwiki-20260901-pages-articles-multistream.xml.bz2",33729787,"2026-09-01 22:14:27.643306992 +0000",4806764da9233e97d3f2c7938315c90dca68a3c86e074bae0a041aa74edcc6e0
"/data/project/wdump/links/latest//kmwikibooks-latest-pages-articles-multistream.xml.bz2","/mnt/nfs/dumps/kmwikibooks/20260901/kmwikibooks-20260901-pages-articles-multistream.xml.bz2",1651868,"2026-09-01 21:52:14.610958927 +0000",81ee2798d57cb45b9f9dcc4abd0c1907776194d1247772812de020b24fed46b2
"/data/project/wdump/links/latest//kmwiktionary-latest-pages-articles-multistream.xml.bz2","/mnt/nfs/dumps/kmwiktionary/20260901/kmwiktionary-20260901-pages-articles-multistream.xml.bz2",8181115,"2026-09-01 22:21:42.204587368 +0000",5096bd20fb70c481a2a1c69c13b8446477fef367e3adfad2f42356e5b25ac371
"/data/project/wdump/links/latest//kncwiki-latest-pages-articles-multistream.xml.bz2","/mnt/nfs/dumps/kncwiki/20260901/kncwiki-20260901-pages-articles-multistream.xml.bz2",2048219,"2026-09-01 21:30:20.662499135 +0000",8aa0328b3a1d574b301654908edb17cf65abc0f3720d5af1b6f5ff891fafe41f
"/data/project/wdump/links/latest//knwiki-latest-pages-articles-multistream.xml.bz2","/mnt/nfs/dumps/knwiki/20260901/knwiki-20260901-pages-articles-multistream.xml.bz2",117070438,"2026-09-01 21:32:04.255607536 +0000",fd00a56f2a0dc61d9467f96dbad18288bb63123072ada5c54474fd34e08edd62
"/data/project/wdump/links/latest//knwikibooks-latest-pages-articles-multistream.xml.bz2","/mnt/nfs/dumps/knwikibooks/20260901/knwikibooks-20260901-pages-articles-multistream.xml.bz2",11076,"2026-09-01 21:54:14.405302845 +0000",219f43574035af32b9c57d7606fdf899180d3cd9a73683b6314a1e1bd277b26c
"/data/project/wdump/links/latest//knwikiquote-latest-pages-articles-multistream.xml.bz2","/mnt/nfs/dumps/knwikiquote/20260901/knwikiquote-20260901-pages-articles-multistream.xml.bz2",1640216,"2026-09-01 17:03:28.350447234 +0000",275f0a11a22b5fefd417a933ca1f9022da30ab320b649289fbaa3c70bb8e5ede
"/data/project/wdump/links/latest//knwikisource-latest-pages-articles-multistream.xml.bz2","/mnt/nfs/dumps/knwikisource/20260901/knwikisource-20260901-pages-articles-multistream.xml.bz2",83083603,"2026-09-01 17:01:16.460936611 +0000",c961a339f9baa3699784e2b475e655e46ca84c97ac2f16066c0e6c676f629463
"/data/project/wdump/links/latest//knwiktionary-latest-pages-articles-multistream.xml.bz2","/mnt/nfs/dumps/knwiktionary/20260901/knwiktionary-20260901-pages-articles-multistream.xml.bz2",24735646,"2026-09-01 17:18:22.664060523 +0000",5b3bd94ce71e5c938e1458ccfeacabfc3267e908fdc43d0882c841dad52a2f9c
"/data/project/wdump/links/latest//koiwiki-latest-pages-articles-multistream.xml.bz2","/mnt/nfs/dumps/koiwiki/20260901/koiwiki-20260901-pages-articles-multistream.xml.bz2",3060711,"2026-09-01 22:43:57.328420039 +0000",3cea3f009e33ddc19c1924b344dc6f43f118cf4446c1ef60c4f6644214100453
"/data/project/wdump/links/latest//kowiki-latest-pages-articles-multistream.xml.bz2","/mnt/nfs/dumps/kowiki/20260901/kowiki-20260901-pages-articles-multistream.xml.bz2",1447954988,"2026-09-01 15:13:53.443228608 +0000",9cda3c9de104282909f4e98d160e86198d4db6805d1eb997ef0508d14ee7cfd1
"/data/project/wdump/links/latest//kowikibooks-latest-pages-articles-multistream.xml.bz2","/mnt/nfs/dumps/kowikibooks/20260901/kowikibooks-20260901-pages-articles-multistream.xml.bz2",4961117,"2026-09-01 16:58:46.721431682 +0000",22de0f502237a9f73f2685d325462c61dc6649a893244d3d4c4048f967800851
"/data/project/wdump/links/latest//kowikinews-latest-pages-articles-multistream.xml.bz2","/mnt/nfs/dumps/kowikinews/20260901/kowikinews-20260901-pages-articles-multistream.xml.bz2",1502463,"2026-09-01 16:58:17.613831147 +0000",8380ee9646a204f69b646269a186762e75d08b62fda62eb85585c6e8d43591a0
"/data/project/wdump/links/latest//kowikiquote-latest-pages-articles-multistream.xml.bz2","/mnt/nfs/dumps/kowikiquote/20260901/kowikiquote-20260901-pages-articles-multistream.xml.bz2",2072011,"2026-09-01 21:29:28.895186337 +0000",82613a17df959c6b35a15531f0ace7158e1621ec68506620602ffce67947afd4
"/data/project/wdump/links/latest//kowikisource-latest-pages-articles-multistream.xml.bz2","/mnt/nfs/dumps/kowikisource/20260901/kowikisource-20260901-pages-articles-multistream.xml.bz2",149773197,"2026-09-01 20:00:33.212866136 +0000",200f49fbc11835bdcc97da0266473584be649688677f1e1798cd0366b40eed2b
"/data/project/wdump/links/latest//kowikiversity-latest-pages-articles-multistream.xml.bz2","/mnt/nfs/dumps/kowikiversity/20260901/kowikiversity-20260901-pages-articles-multistream.xml.bz2",2276444,"2026-09-01 17:00:08.806876123 +0000",6edb49b1847d830a4365d7c7c68bc9bf1dafe21f3435c519235cc397eb6588dc
"/data/project/wdump/links/latest//kowiktionary-latest-pages-articles-multistream.xml.bz2","/mnt/nfs/dumps/kowiktionary/20260901/kowiktionary-20260901-pages-articles-multistream.xml.bz2",58355827,"2026-09-01 17:10:40.166653064 +0000",73d816f54bd7b2aebb629469c00d0db215878041395d9d62d310917445bf6263
"/data/project/wdump/links/latest//krcwiki-latest-pages-articles-multistream.xml.bz2","/mnt/nfs/dumps/krcwiki/20260901/krcwiki-20260901-pages-articles-multistream.xml.bz2",5639622,"2026-09-01 17:03:48.777400534 +0000",a991c356a69523e425cb6cf57c0aacf15079967f8ab33473364c582210506fc0
"/data/project/wdump/links/latest//krwiki-latest-pages-articles-multistream.xml.bz2","/mnt/nfs/dumps/krwiki/20260901/krwiki-20260901-pages-articles-multistream.xml.bz2",4872,"2026-09-01 17:03:42.337380921 +0000",df1d18db0a1410157717027bd8512db56ef76159cd248ae3a83c54e4b0c5b3fa
"/data/project/wdump/links/latest//krwikiquote-latest-pages-articles-multistream.xml.bz2","/mnt/nfs/dumps/krwikiquote/20260901/krwikiquote-20260901-pages-articles-multistream.xml.bz2",3161,"2026-09-01 21:31:44.769238738 +0000",03177a8620948b6c49e7d41af19c2b9f1800311eda67e9144d5a2eb10a9e153e
"/data/project/wdump/links/latest//kshwiki-latest-pages-articles-multistream.xml.bz2","/mnt/nfs/dumps/kshwiki/20260901/kshwiki-20260901-pages-articles-multistream.xml.bz2",3932334,"2026-09-01 19:54:40.509389639 +0000",9b413ae2bdd58c4e032c52ad5aa8bc5a7f9fff3ce071a3831a45d3942554ed3b
"/data/project/wdump/links/latest//kswiki-latest-pages-articles-multistream.xml.bz2","/mnt/nfs/dumps/kswiki/20260901/kswiki-20260901-pages-articles-multistream.xml.bz2",11866570,"2026-09-01 22:46:49.684916516 +0000",c38c16f68bebecdaf933b606988a0444d1901b305afa6736f437dae681edfb59
"/data/project/wdump/links/latest//kswikibooks-latest-pages-articles-multistream.xml.bz2","/mnt/nfs/dumps/kswikibooks/20260901/kswikibooks-20260901-pages-articles-multistream.xml.bz2",8556,"2026-09-01 22:49:21.621354435 +0000",8c15a10f7c05f6139a7c640c98bb3d0a046dce0414af1c4c1b7b9615b852b3a5
"/data/project/wdump/links/latest//kswikiquote-latest-pages-articles-multistream.xml.bz2","/mnt/nfs/dumps/kswikiquote/20260901/kswikiquote-20260901-pages-articles-multistream.xml.bz2",7936,"2026-09-01 21:52:34.703037427 +0000",f515edf579b54040ed25691425466e70291de042227d59f936c1a2a2b74e61c6
"/data/project/wdump/links/latest//kswiktionary-latest-pages-articles-multistream.xml.bz2","/mnt/nfs/dumps/kswiktionary/20260901/kswiktionary-20260901-pages-articles-multistream.xml.bz2",786560,"2026-09-01 21:52:58.659130003 +0000",8ae69726b5c860d5c080dd179b01270a28cce7b96c93586da65d2fd5aede3e2e
"/data/project/wdump/links/latest//kuswiki-latest-pages-articles-multistream.xml.bz2","/mnt/nfs/dumps/kuswiki/20260901/kuswiki-20260901-pages-articles-multistream.xml.bz2",2696898,"2026-09-01 21:54:25.423456749 +0000",c3e1f6f9fdfcc5758c720792ad548b4f912615a32937537173f7d5d8a8e31465
"/data/project/wdump/links/latest//kuwiki-latest-pages-articles-multistream.xml.bz2","/mnt/nfs/dumps/kuwiki/20260901/kuwiki-20260901-pages-articles-multistream.xml.bz2",48761771,"2026-09-01 22:48:25.099898469 +0000",5c4fb2f36a2c2b3ef756530fc5edfddf1886fade57455e8b93c98cc17601dbf7
"/data/project/wdump/links/latest//kuwikibooks-latest-pages-articles-multistream.xml.bz2","/mnt/nfs/dumps/kuwikibooks/20260901/kuwikibooks-20260901-pages-articles-multistream.xml.bz2",632629,"2026-09-01 22:08:07.552225238 +0000",2281c81ab57fca407126cb324871d831447753937ec2fd0d79afa36fb6c6f7be
"/data/project/wdump/links/latest//kuwikiquote-latest-pages-articles-multistream.xml.bz2","/mnt/nfs/dumps/kuwikiquote/20260901/kuwikiquote-20260901-pages-articles-multistream.xml.bz2",386196,"2026-09-01 21:52:22.962991657 +0000",fea4b94090deb547df23f9aa33aacd7861697b13138fdf80ebb75216fd8fe19f
"/data/project/wdump/links/latest//kuwiktionary-latest-pages-articles-multistream.xml.bz2","/mnt/nfs/dumps/kuwiktionary/20260901/kuwiktionary-20260901-pages-articles-multistream.xml.bz2",106755233,"2026-09-01 19:49:32.495378348 +0000",8469f4e775a5e5a3de5a0bc801d6e8714c5b98a1a9a136726fb06a865469fbd3
"/data/project/wdump/links/latest//kvwiki-latest-pages-articles-multistream.xml.bz2","/mnt/nfs/dumps/kvwiki/20260901/kvwiki-20260901-pages-articles-multistream.xml.bz2",5137762,"2026-09-01 21:54:17.055425781 +0000",264d3a34973f8c14a9c193685df7ebe80ad04be9ecb297943c274f7557fde4df
"/data/project/wdump/links/latest//kwwiki-latest-pages-articles-multistream.xml.bz2","/mnt/nfs/dumps/kwwiki/20260901/kwwiki-20260901-pages-articles-multistream.xml.bz2",4952010,"2026-09-01 21:28:20.425415414 +0000",5071340eea6b42e30696e4cf4e300fa96209dc73a5e156c4c8e031ae3a2e340f
"/data/project/wdump/links/latest//kwwikiquote-latest-pages-articles-multistream.xml.bz2","/mnt/nfs/dumps/kwwikiquote/20260901/kwwikiquote-20260901-pages-articles-multistream.xml.bz2",6499,"2026-09-01 21:54:36.063495967 +0000",09d685f759898326bd348cebaba08cc6ab26954d5046d8eb27610e7aff36e945
"/data/project/wdump/links/latest//kwwiktionary-latest-pages-articles-multistream.xml.bz2","/mnt/nfs/dumps/kwwiktionary/20260901/kwwiktionary-20260901-pages-articles-multistream.xml.bz2",238090,"2026-09-01 21:30:21.696081994 +0000",d5ff0096461045242a79b76c242a1126803a17052124ce938d7333c4f44edf7d
"/data/project/wdump/links/latest//kywiki-latest-pages-articles-multistream.xml.bz2","/mnt/nfs/dumps/kywiki/20260901/kywiki-20260901-pages-articles-multistream.xml.bz2",45239806,"2026-09-01 22:45:34.911865183 +0000",01bdc5facaa084a6158ca5bece15ab618bf5d5c6172a797d981b9d05114dabb8
"/data/project/wdump/links/latest//kywikibooks-latest-pages-articles-multistream.xml.bz2","/mnt/nfs/dumps/kywikibooks/20260901/kywikibooks-20260901-pages-articles-multistream.xml.bz2",88779,"2026-09-01 21:54:59.014477477 +0000",0897ea2bae9f150cf2260da509fda95296359125fe89c21ffefa7c0f12539a2a
"/data/project/wdump/links/latest//kywikiquote-latest-pages-articles-multistream.xml.bz2","/mnt/nfs/dumps/kywikiquote/20260901/kywikiquote-20260901-pages-articles-multistream.xml.bz2",173271,"2026-09-01 22:38:33.575488790 +0000",ce59739962111ad95ebaf451adb370f20b2c3ab1610f25711aa75102575a356f
"/data/project/wdump/links/latest//kywiktionary-latest-pages-articles-multistream.xml.bz2","/mnt/nfs/dumps/kywiktionary/20260901/kywiktionary-20260901-pages-articles-multistream.xml.bz2",10212599,"2026-09-01 21:55:06.122452846 +0000",366579faad1cd6f49a443b993324bec3fc044b5ac66bc69b2de5c445bb090254
"/data/project/wdump/links/latest//labswiki-latest-pages-articles-multistream.xml.bz2","/mnt/nfs/dumps/labswiki/20260901/labswiki-20260901-pages-articles-multistream.xml.bz2",19896713,"2026-09-01 18:24:09.875488668 +0000",9619f212f22952dc6e994da31d73d3202fab41e9f8a73c9547132484c5ffcb32
"/data/project/wdump/links/latest//ladwiki-latest-pages-articles-multistream.xml.bz2","/mnt/nfs/dumps/ladwiki/20260901/ladwiki-20260901-pages-articles-multistream.xml.bz2",4424033,"2026-09-01 17:31:40.560661682 +0000",5262f79c06be645bcd375221779037ba731650a2b74d3f4c9261c7a5969100f5
"/data/project/wdump/links/latest//lawiki-latest-pages-articles-multistream.xml.bz2","/mnt/nfs/dumps/lawiki/20260901/lawiki-20260901-pages-articles-multistream.xml.bz2",116240653,"2026-09-01 17:47:46.373399710 +0000",bbb6373137c0daf2172ab3ebd920c9edbc50cd73f6b394790974f0bd081590e0
"/data/project/wdump/links/latest//lawikibooks-latest-pages-articles-multistream.xml.bz2","/mnt/nfs/dumps/lawikibooks/20260901/lawikibooks-20260901-pages-articles-multistream.xml.bz2",888144,"2026-09-01 17:32:24.150601071 +0000",4608d91fc486e0972a388efb1d4fe7b1b25e1ee511e5924bb10148b731cbe939
"/data/project/wdump/links/latest//lawikiquote-latest-pages-articles-multistream.xml.bz2","/mnt/nfs/dumps/lawikiquote/20260901/lawikiquote-20260901-pages-articles-multistream.xml.bz2",785016,"2026-09-01 17:33:42.002837057 +0000",524f3533aadd1151e70ff92664a9ca2a034131d6d71593346d80934f7b8624a0
"/data/project/wdump/links/latest//lawikisource-latest-pages-articles-multistream.xml.bz2","/mnt/nfs/dumps/lawikisource/20260901/lawikisource-20260901-pages-articles-multistream.xml.bz2",206174059,"2026-09-01 17:38:42.187747599 +0000",b02954f864391c6bb7bc0f25d7484be62b66a9101b7af2ce2a9e7ef52cf57f0d
"/data/project/wdump/links/latest//lawiktionary-latest-pages-articles-multistream.xml.bz2","/mnt/nfs/dumps/lawiktionary/20260901/lawiktionary-20260901-pages-articles-multistream.xml.bz2",10867041,"2026-09-01 18:01:33.138390248 +0000",f1ce094dce9fa8e2eac8901fa6f129a2c9d0255971bc3fb05b771f86435473af
"/data/project/wdump/links/latest//lbewiki-latest-pages-articles-multistream.xml.bz2","/mnt/nfs/dumps/lbewiki/20260901/lbewiki-20260901-pages-articles-multistream.xml.bz2",2232235,"2026-09-01 17:35:30.207951860 +0000",199966cf22ea4683dc0149fe31388ba8ced6acf2bfd41c72eb797e6cc9f5dd05
"/data/project/wdump/links/latest//lbwiki-latest-pages-articles-multistream.xml.bz2","/mnt/nfs/dumps/lbwiki/20260901/lbwiki-20260901-pages-articles-multistream.xml.bz2",65568003,"2026-09-01 17:44:09.204740256 +0000",5f8c36109ed216d0d7c2a68043236b25729292f742a818dfd7fe0613a76aefc5
"/data/project/wdump/links/latest//lbwikibooks-latest-pages-articles-multistream.xml.bz2","/mnt/nfs/dumps/lbwikibooks/20260901/lbwikibooks-20260901-pages-articles-multistream.xml.bz2",7686,"2026-09-01 17:36:14.295681062 +0000",41187227d86c39d7b7c36433a7be562c86839adfd8e1c94c4b7d015a4f76acbc
"/data/project/wdump/links/latest//lbwikiquote-latest-pages-articles-multistream.xml.bz2","/mnt/nfs/dumps/lbwikiquote/20260901/lbwikiquote-20260901-pages-articles-multistream.xml.bz2",41191,"2026-09-01 18:03:46.863976350 +0000",50b216e22ea48bd45d4110ae6e8f40f2463050b3c00cf8c399030c1840a56441
"/data/project/wdump/links/latest//lbwiktionary-latest-pages-articles-multistream.xml.bz2","/mnt/nfs/dumps/lbwiktionary/20260901/lbwiktionary-20260901-pages-articles-multistream.xml.bz2",2096178,"2026-09-01 18:20:19.598815488 +0000",91db911bf6cf29661546eab911c5990d0221e5dc0c8b800d3de313e3ec95852d
"/data/project/wdump/links/latest//lezwiki-latest-pages-articles-multistream.xml.bz2","/mnt/nfs/dumps/lezwiki/20260901/lezwiki-20260901-pages-articles-multistream.xml.bz2",7096515,"2026-09-01 18:05:27.156254058 +0000",124de777f51047736b48c4caa6765794aa319b76374a3a574b7d99b5832a4679
"/data/project/wdump/links/latest//lfnwiki-latest-pages-articles-multistream.xml.bz2","/mnt/nfs/dumps/lfnwiki/20260901/lfnwiki-20260901-pages-articles-multistream.xml.bz2",5159000,"2026-09-01 17:44:57.220886049 +0000",c581bcf51fad1eaaa5096a7b2ebbe02cd212117594b2876eac0d189dcbd86f9d
"/data/project/wdump/links/latest//lgwiki-latest-pages-articles-multistream.xml.bz2","/mnt/nfs/dumps/lgwiki/20260901/lgwiki-20260901-pages-articles-multistream.xml.bz2",9789536,"2026-09-01 18:21:08.750958973 +0000",66caf83f749e3e73ec1f4e60f8d309e5528eed66dac4172f2c79e1a09f9f79b8
"/data/project/wdump/links/latest//lijwiki-latest-pages-articles-multistream.xml.bz2","/mnt/nfs/dumps/lijwiki/20260901/lijwiki-20260901-pages-articles-multistream.xml.bz2",10625121,"2026-09-01 18:13:02.869548234 +0000",cc11eb5fce74a09f5c480f9e6078a8d3e7cef96fe324d2e86ba79d23335818fc
"/data/project/wdump/links/latest//lijwikisource-latest-pages-articles-multistream.xml.bz2","/mnt/nfs/dumps/lijwikisource/20260901/lijwikisource-20260901-pages-articles-multistream.xml.bz2",7173916,"2026-09-01 18:24:52.955614839 +0000",d107296b8a054d9b9bb6205df4f4eed589b4a0469caf87d15fc294f0410663af
"/data/project/wdump/links/latest//liquidthreads_labswikimedia-latest-pages-articles-multistream.xml.bz2","/mnt/nfs/dumps/liquidthreads_labswikimedia/20130228/liquidthreads_labswikimedia-20130228-pages-articles-multistream.xml.bz2",434534,"2013-02-28 13:12:19.000000000 +0000",9efb02ef4e6bb73be67320f52c646c8eb0ca608d3656a59cf7b4aef876d85ae0
"/data/project/wdump/links/latest//liwiki-latest-pages-articles-multistream.xml.bz2","/mnt/nfs/dumps/liwiki/20260901/liwiki-20260901-pages-articles-multistream.xml.bz2",18498223,"2026-09-01 18:24:22.583525880 +0000",f98d008eded744c92deafb3bedfcf72a5b1a7469f17e6d0b11f7feadb905a392
"/data/project/wdump/links/latest//liwikibooks-latest-pages-articles-multistream.xml.bz2","/mnt/nfs/dumps/liwikibooks/20260901/liwikibooks-20260901-pages-articles-multistream.xml.bz2",125162,"2026-09-01 18:05:21.492238284 +0000",17aaad9408361738e54fd1c12925ef29ded7f6cd72539a00a6989c8149d84542
"/data/project/wdump/links/latest//liwikinews-latest-pages-articles-multistream.xml.bz2","/mnt/nfs/dumps/liwikinews/20260901/liwikinews-20260901-pages-articles-multistream.xml.bz2",2019092,"2026-09-01 18:03:13.563884955 +0000",9dc8cbc4cc70dac40895d19bc110d0b485a21bcfccb5c1b76d06c3b525f74339
"/data/project/wdump/links/latest//liwikiquote-latest-pages-articles-multistream.xml.bz2","/mnt/nfs/dumps/liwikiquote/20260901/liwikiquote-20260901-pages-articles-multistream.xml.bz2",447726,"2026-09-01 19:20:57.586017586 +0000",e1ffe46fc3bdfc3e334b05af51b5be560a101488436af2c029270694a71c8ac6
"/data/project/wdump/links/latest//liwikisource-latest-pages-articles-multistream.xml.bz2","/mnt/nfs/dumps/liwikisource/20260901/liwikisource-20260901-pages-articles-multistream.xml.bz2",962030,"2026-09-01 19:02:19.195381486 +0000",16306520d014d2aca3b2f9d2b0d347b9924a39e5ae1b6a4a0c60bf4dcfdae563
"/data/project/wdump/links/latest//liwiktionary-latest-pages-articles-multistream.xml.bz2","/mnt/nfs/dumps/liwiktionary/20260901/liwiktionary-20260901-pages-articles-multistream.xml.bz2",24669311,"2026-09-01 19:20:56.778015313 +0000",7429f3523fcbb0d0605f5295e7aa37c4d08df10eeeaffd18c7344dfc0a97e5a8
"/data/project/wdump/links/latest//lldwiki-latest-pages-articles-multistream.xml.bz2","/mnt/nfs/dumps/lldwiki/20260901/lldwiki-20260901-pages-articles-multistream.xml.bz2",27764092,"2026-09-01 19:15:09.448084602 +0000",9f243290bcacfa302e122a8047c5daa4aaa450d7d3cf97243fcceb4c73f86b98
"/data/project/wdump/links/latest//lmowiki-latest-pages-articles-multistream.xml.bz2","/mnt/nfs/dumps/lmowiki/20260901/lmowiki-20260901-pages-articles-multistream.xml.bz2",32073746,"2026-09-01 19:01:57.879351643 +0000",3fff9784b8184d960b6d815b31589111b0fa8371c3c89cc15da3f3d5cca30862
"/data/project/wdump/links/latest//lmowiktionary-latest-pages-articles-multistream.xml.bz2","/mnt/nfs/dumps/lmowiktionary/20260901/lmowiktionary-20260901-pages-articles-multistream.xml.bz2",6613345,"2026-09-01 19:02:52.407430720 +0000",6ea1a895a99a750ccb130ecdcc309ecf35061de5b74531c246d6e728ff33c705
"/data/project/wdump/links/latest//lnwiki-latest-pages-articles-multistream.xml.bz2","/mnt/nfs/dumps/lnwiki/20260901/lnwiki-20260901-pages-articles-multistream.xml.bz2",4133749,"2026-09-01 19:26:16.004393368 +0000",6e350f5cdf059db5534d822a3ee6cbf44b4afd8848349c87b1959b24007d081d
"/data/project/wdump/links/latest//lnwikibooks-latest-pages-articles-multistream.xml.bz2","/mnt/nfs/dumps/lnwikibooks/20260901/lnwikibooks-20260901-pages-articles-multistream.xml.bz2",7854,"2026-09-01 19:26:54.956240941 +0000",8dfe71d1c49e27caba0f3dee9e8cd833f17b8154991b89879da298cab93ab0ad
"/data/project/wdump/links/latest//lnwiktionary-latest-pages-articles-multistream.xml.bz2","/mnt/nfs/dumps/lnwiktionary/20260901/lnwiktionary-20260901-pages-articles-multistream.xml.bz2",270706,"2026-09-01 19:09:11.686088446 +0000",f9e6633af31cc239bb29d4af8f50a791b6c79a5dcb5dd3960f6ff963fc5c9e12
"/data/project/wdump/links/latest//loginwiki-latest-pages-articles-multistream.xml.bz2","/mnt/nfs/dumps/loginwiki/20260901/loginwiki-20260901-pages-articles-multistream.xml.bz2",4361,"2026-09-01 19:16:32.505286043 +0000",e512c74f977a224357f0a9615fa5f526026e3acd9e2fa3f51473c3f491ed9969
"/data/project/wdump/links/latest//lowiki-latest-pages-articles-multistream.xml.bz2","/mnt/nfs/dumps/lowiki/20260901/lowiki-20260901-pages-articles-multistream.xml.bz2",9505739,"2026-09-01 19:20:44.985982158 +0000",553e5d6249adc08a747d5827d179cae9df80b0a466279af27247452dae22bd53
"/data/project/wdump/links/latest//lowiktionary-latest-pages-articles-multistream.xml.bz2","/mnt/nfs/dumps/lowiktionary/20260901/lowiktionary-20260901-pages-articles-multistream.xml.bz2",5121599,"2026-09-01 19:30:07.711506631 +0000",c7ab01ef16ce8adffeb5d0bbc1bbe76afe5a8ab0a29dc327e24e89d828cef0ad
"/data/project/wdump/links/latest//lrcwiki-latest-pages-articles-multistream.xml.bz2","/mnt/nfs/dumps/lrcwiki/20260901/lrcwiki-20260901-pages-articles-multistream.xml.bz2",13960,"2026-09-01 19:26:41.087000472 +0000",68ef236919ea8c53db46b67dc1943de253a4a8999cf231dc5c93bf423e0d831a
"/data/project/wdump/links/latest//ltgwiki-latest-pages-articles-multistream.xml.bz2","/mnt/nfs/dumps/ltgwiki/20260901/ltgwiki-20260901-pages-articles-multistream.xml.bz2",1176479,"2026-09-01 16:46:15.082185828 +0000",729dcfafc418a667e587358d017add78e5af3f4c1cdc1cf63cb16343db9db69b
"/data/project/wdump/links/latest//ltwiki-latest-pages-articles-multistream.xml.bz2","/mnt/nfs/dumps/ltwiki/20260901/ltwiki-20260901-pages-articles-multistream.xml.bz2",268409747,"2026-09-01 18:23:33.904574049 +0000",94449081b8bb44f4c68138350fa1bec6e1cf89c83f61b1763dede76a084f9806
"/data/project/wdump/links/latest//ltwikibooks-latest-pages-articles-multistream.xml.bz2","/mnt/nfs/dumps/ltwikibooks/20260901/ltwikibooks-20260901-pages-articles-multistream.xml.bz2",3393784,"2026-09-01 19:03:40.076997895 +0000",b900f201913a46d92f286899023b43420f9852a0b61302c1ec36efc77a8a38c4
"/data/project/wdump/links/latest//ltwikiquote-latest-pages-articles-multistream.xml.bz2","/mnt/nfs/dumps/ltwikiquote/20260901/ltwikiquote-20260901-pages-articles-multistream.xml.bz2",2418028,"2026-09-01 19:02:24.929233776 +0000",1ecf4a178fba2bfb0793b41a5361c5c67603a82659cf41431f3e338b3fcd8c26
"/data/project/wdump/links/latest//ltwikisource-latest-pages-articles-multistream.xml.bz2","/mnt/nfs/dumps/ltwikisource/20260901/ltwikisource-20260901-pages-articles-multistream.xml.bz2",2943546,"2026-09-01 18:59:59.613685071 +0000",e4a9d1781f1f96b0748bdc11ff4505b3e7943e8006934e90c464d1ebecf66d6a
"/data/project/wdump/links/latest//ltwiktionary-latest-pages-articles-multistream.xml.bz2","/mnt/nfs/dumps/ltwiktionary/20260901/ltwiktionary-20260901-pages-articles-multistream.xml.bz2",58361309,"2026-09-01 19:27:59.963989829 +0000",f5445982dd4ea814a3ded13bbb2b503a88979f569b691915d29fde46bd269a89
"/data/project/wdump/links/latest//lvwiki-latest-pages-articles-multistream.xml.bz2","/mnt/nfs/dumps/lvwiki/20260901/lvwiki-20260901-pages-articles-multistream.xml.bz2",232393866,"2026-09-01 17:25:44.479542080 +0000",31e956d37713e9d9981141c152db456993c76eefaef62743c8d49c88a5faad8a
"/data/project/wdump/links/latest//lvwikibooks-latest-pages-articles-multistream.xml.bz2","/mnt/nfs/dumps/lvwikibooks/20260901/lvwikibooks-20260901-pages-articles-multistream.xml.bz2",82103,"2026-09-01 17:28:05.694678209 +0000",240e1db51f7ac23558ca71215a89afbe2a155df577739e7a98b948cc5e097cbc
"/data/project/wdump/links/latest//lvwiktionary-latest-pages-articles-multistream.xml.bz2","/mnt/nfs/dumps/lvwiktionary/20260901/lvwiktionary-20260901-pages-articles-multistream.xml.bz2",2046163,"2026-09-01 15:34:44.170778183 +0000",f43145e5ed35da7c0ee96a45848e811421dfb3afa3945e7409dda229541731ff
"/data/project/wdump/links/latest//madwiki-latest-pages-articles-multistream.xml.bz2","/mnt/nfs/dumps/madwiki/20260901/madwiki-20260901-pages-articles-multistream.xml.bz2",13970807,"2026-09-01 15:35:05.166487973 +0000",1c321edd3c59e521fd2a4bfaac0123fc6dcd20c9597c82917c7fae1de65a4f9c
"/data/project/wdump/links/latest//madwikisource-latest-pages-articles-multistream.xml.bz2","/mnt/nfs/dumps/madwikisource/20260901/madwikisource-20260901-pages-articles-multistream.xml.bz2",631668,"2026-09-01 18:21:44.488905803 +0000",f6f9eb342cd85b25e390226f7b9e62d06fbd101d23b0d7fb3a59ccb0ec4a47bd
"/data/project/wdump/links/latest//madwiktionary-latest-pages-articles-multistream.xml.bz2","/mnt/nfs/dumps/madwiktionary/20260901/madwiktionary-20260901-pages-articles-multistream.xml.bz2",2262226,"2026-09-01 17:41:10.019055371 +0000",b8d0e97c4fd25fc16afe6f1106e29cfe6be35f186860c2b3fb01ae21c28632f5
"/data/project/wdump/links/latest//magwiki-latest-pages-articles-multistream.xml.bz2","/mnt/nfs/dumps/magwiki/20260901/magwiki-20260901-pages-articles-multistream.xml.bz2",7012192,"2026-09-10 08:23:32.719491743 +0000",6f09a8484768d3fe1ca414e153bde9377f36f1ff9063958d373a953ae62a3df9
"/data/project/wdump/links/latest//maiwiki-latest-pages-articles-multistream.xml.bz2","/mnt/nfs/dumps/maiwiki/20260901/maiwiki-20260901-pages-articles-multistream.xml.bz2",15810432,"2026-09-01 18:20:45.274890426 +0000",7b0c3a9c5f91557f7432dc674131965ccb885e5dc53bd15b5bab3734547d3e6f
"/data/project/wdump/links/latest//maiwikimedia-latest-pages-articles-multistream.xml.bz2","/mnt/nfs/dumps/maiwikimedia/20260901/maiwikimedia-20260901-pages-articles-multistream.xml.bz2",61540,"2026-09-01 15:30:10.948493594 +0000",d3852166c80fbae4f30a0993f9f943e52bd976d730a33b0ff3aeec93931ba5b1
"/data/project/wdump/links/latest//map_bmswiki-latest-pages-articles-multistream.xml.bz2","/mnt/nfs/dumps/map_bmswiki/20260901/map_bmswiki-20260901-pages-articles-multistream.xml.bz2",5419049,"2026-09-01 17:39:14.430574196 +0000",9f2f9a93806427a06dc9a1b8cd0cefb5b642ad8d7d0f9891750ceda8b18021bd
"/data/project/wdump/links/latest//mdfwiki-latest-pages-articles-multistream.xml.bz2","/mnt/nfs/dumps/mdfwiki/20260901/mdfwiki-20260901-pages-articles-multistream.xml.bz2",13353524,"2026-09-01 17:25:57.825431690 +0000",c16d71b94f9a7e130f3560822ef4c651fc9ff8c430e803b79c9ebd5668307203
"/data/project/wdump/links/latest//mediawikiwiki-latest-pages-articles-multistream.xml.bz2","/mnt/nfs/dumps/mediawikiwiki/20260901/mediawikiwiki-20260901-pages-articles-multistream.xml.bz2",408318957,"2026-09-01 15:32:29.716885857 +0000",809b5b527746c5bc6b6af339accfdca97bd18ac7d3f1783bad8e6efda4d95e52
"/data/project/wdump/links/latest//metawiki-latest-pages-articles-multistream.xml.bz2","/mnt/nfs/dumps/metawiki/20260901/metawiki-20260901-pages-articles-multistream.xml.bz2",1440088897,"2026-09-01 15:13:52.568541429 +0000",6fd4a6611bf6225a7a4b8c13b42e16725a26b35a293e7018ca03269ee7dfb858
"/data/project/wdump/links/latest//mgwiki-latest-pages-articles-multistream.xml.bz2","/mnt/nfs/dumps/mgwiki/20260901/mgwiki-20260901-pages-articles-multistream.xml.bz2",43336982,"2026-09-01 17:27:09.619021421 +0000",59ae07e6a25116ac8d73c6cb93b3a70f518abc455f45e2fe0a64709ae9e04f2a
"/data/project/wdump/links/latest//mgwikibooks-latest-pages-articles-multistream.xml.bz2","/mnt/nfs/dumps/mgwikibooks/20260901/mgwikibooks-20260901-pages-articles-multistream.xml.bz2",201118,"2026-09-01 18:14:54.713871114 +0000",6949c3963865c9e162f7f322b39e9d3fb6f87cb19a49b808b0d9f00915442816
"/data/project/wdump/links/latest//mgwiktionary-latest-pages-articles-multistream.xml.bz2","/mnt/nfs/dumps/mgwiktionary/20260901/mgwiktionary-20260901-pages-articles-multistream.xml.bz2",691202294,"2026-09-01 14:38:22.905407758 +0000",68a7de9730feb4fe861aa85d3ceda55969ab7c552177ab053499aa325e22df2f
"/data/project/wdump/links/latest//mhrwiki-latest-pages-articles-multistream.xml.bz2","/mnt/nfs/dumps/mhrwiki/20260901/mhrwiki-20260901-pages-articles-multistream.xml.bz2",9352371,"2026-09-01 15:07:55.776826839 +0000",480f45309c3859f1edec54f3a8ee3fbee7ddf8d078d86df30f859a14b2c0dfcb
"/data/project/wdump/links/latest//mhwiki-latest-pages-articles-multistream.xml.bz2","/mnt/nfs/dumps/mhwiki/20260901/mhwiki-20260901-pages-articles-multistream.xml.bz2",19308,"2026-09-01 15:23:38.531389348 +0000",ad10b28b57cdb594fb5b6d559643d6ede92eed3053afcc207ce3428f826d16c3
"/data/project/wdump/links/latest//mhwiktionary-latest-pages-articles-multistream.xml.bz2","/mnt/nfs/dumps/mhwiktionary/20260901/mhwiktionary-20260901-pages-articles-multistream.xml.bz2",6409,"2026-09-01 15:43:21.697188962 +0000",e8d93ec18dadea76ed68e6e6584ffa4b3b90fea3098df94d85e40d0a0108d365
"/data/project/wdump/links/latest//minwiki-latest-pages-articles-multistream.xml.bz2","/mnt/nfs/dumps/minwiki/20260901/minwiki-20260901-pages-articles-multistream.xml.bz2",46879118,"2026-09-01 15:24:31.867538847 +0000",c39428a5be4c290f4a6cba29dffbe183e0653b1ee041928a2a902d1d48816dc0
"/data/project/wdump/links/latest//minwikibooks-latest-pages-articles-multistream.xml.bz2","/mnt/nfs/dumps/minwikibooks/20260901/minwikibooks-20260901-pages-articles-multistream.xml.bz2",965115,"2026-09-01 18:21:58.152864896 +0000",6b5a189945fd9fa9f8f1307a236c91fd2851d60428ea8c7d5793382104f57535
"/data/project/wdump/links/latest//minwikiquote-latest-pages-articles-multistream.xml.bz2","/mnt/nfs/dumps/minwikiquote/20260901/minwikiquote-20260901-pages-articles-multistream.xml.bz2",384891,"2026-09-10 08:22:39.939235965 +0000",e83e4c48a51c86c30351a0251966229748b1cc56d42789cb2d96ff537b21f73d
"/data/project/wdump/links/latest//minwikisource-latest-pages-articles-multistream.xml.bz2","/mnt/nfs/dumps/minwikisource/20260901/minwikisource-20260901-pages-articles-multistream.xml.bz2",4653109,"2026-09-01 18:04:05.677444822 +0000",5a4822a24fe55d5506eed6d98d3a2f885a0dc7a507520360ae4bb853835cccbd
"/data/project/wdump/links/latest//minwiktionary-latest-pages-articles-multistream.xml.bz2","/mnt/nfs/dumps/minwiktionary/20260901/minwiktionary-20260901-pages-articles-multistream.xml.bz2",2886982,"2026-09-01 17:43:25.612607903 +0000",fd896a3cbc02cc3705d95a5a44831ef90ce609e76da46787d6a8377a4a869404
"/data/project/wdump/links/latest//miwiki-latest-pages-articles-multistream.xml.bz2","/mnt/nfs/dumps/miwiki/20260901/miwiki-20260901-pages-articles-multistream.xml.bz2",3661688,"2026-09-01 18:08:38.268791519 +0000",6e13b820665246c1dbd87245d4c8927367fe97abfb349e981ee001cad700545a
"/data/project/wdump/links/latest//miwikibooks-latest-pages-articles-multistream.xml.bz2","/mnt/nfs/dumps/miwikibooks/20260901/miwikibooks-20260901-pages-articles-multistream.xml.bz2",8829,"2026-09-01 18:03:34.259941706 +0000",7a3b97826c27edea8c528c19a780beb0f74dd81d13f7e80f2c31e7a3831f5e3d
"/data/project/wdump/links/latest//miwiktionary-latest-pages-articles-multistream.xml.bz2","/mnt/nfs/dumps/miwiktionary/20260901/miwiktionary-20260901-pages-articles-multistream.xml.bz2",924227,"2026-09-01 18:06:20.376402745 +0000",cd87b93523620134de8dc7a262c92aae72682fc0c3380ecf9f3b542be3998da9
"/data/project/wdump/links/latest//mkwiki-latest-pages-articles-multistream.xml.bz2","/mnt/nfs/dumps/mkwiki/20260901/mkwiki-20260901-pages-articles-multistream.xml.bz2",313300852,"2026-09-01 19:06:42.859456392 +0000",645184d3b177b204b974f2d1a4994413b3020fb369c723323b16d4e3ec3ce00a
"/data/project/wdump/links/latest//mkwikibooks-latest-pages-articles-multistream.xml.bz2","/mnt/nfs/dumps/mkwikibooks/20260901/mkwikibooks-20260901-pages-articles-multistream.xml.bz2",284433,"2026-09-01 18:04:34.232107078 +0000",f182a8d642b7bffc37b9c22ced18789c3c4f0859180a7579b56b729615f5bb64
"/data/project/wdump/links/latest//mkwikimedia-latest-pages-articles-multistream.xml.bz2","/mnt/nfs/dumps/mkwikimedia/20260901/mkwikimedia-20260901-pages-articles-multistream.xml.bz2",172459,"2026-09-01 18:09:39.475418720 +0000",a03fcb1838c0179888cc0a69669592b76394196ffeeb2c4bf848b6facdd55484
"/data/project/wdump/links/latest//mkwikisource-latest-pages-articles-multistream.xml.bz2","/mnt/nfs/dumps/mkwikisource/20260901/mkwikisource-20260901-pages-articles-multistream.xml.bz2",5077043,"2026-09-01 17:42:13.264388260 +0000",5b0f5d4e51ccdfad93c614ef9777815dc264d3b3d6ad2408647d040e93057015
"/data/project/wdump/links/latest//mkwiktionary-latest-pages-articles-multistream.xml.bz2","/mnt/nfs/dumps/mkwiktionary/20260901/mkwiktionary-20260901-pages-articles-multistream.xml.bz2",2196702,"2026-09-01 18:09:13.551577405 +0000",ba948a16ae746047b343a2664d7e7e7b2da951e6e4797bba99400fc1f5391f7b
"/data/project/wdump/links/latest//mlwiki-latest-pages-articles-multistream.xml.bz2","/mnt/nfs/dumps/mlwiki/20260901/mlwiki-20260901-pages-articles-multistream.xml.bz2",211842423,"2026-09-01 19:32:50.444080865 +0000",cadbf38780d67ec10698317c86c1a1d7e79c49487af27e34c1bb70041c037c93
"/data/project/wdump/links/latest//mlwikibooks-latest-pages-articles-multistream.xml.bz2","/mnt/nfs/dumps/mlwikibooks/20260901/mlwikibooks-20260901-pages-articles-multistream.xml.bz2",1098289,"2026-09-01 16:46:01.285756699 +0000",9c0c48d2626f5a68096a1c4e745dd14407d08e6f8e1eda63e985d228543c6d59
"/data/project/wdump/links/latest//mlwikiquote-latest-pages-articles-multistream.xml.bz2","/mnt/nfs/dumps/mlwikiquote/20260901/mlwikiquote-20260901-pages-articles-multistream.xml.bz2",1251995,"2026-09-01 18:12:42.257488895 +0000",f4ef76180c0c8b996d040b8f8b8cfde4aa1aa8fa57a645540fa8affbf26d1bb0
"/data/project/wdump/links/latest//mlwikisource-latest-pages-articles-multistream.xml.bz2","/mnt/nfs/dumps/mlwikisource/20260901/mlwikisource-20260901-pages-articles-multistream.xml.bz2",46473396,"2026-09-01 18:10:10.323198261 +0000",f6d938f64eca302b1b38f22094b9f457b05fe5d8f4324a0bf9e18f5b9e4b101c
"/data/project/wdump/links/latest//mlwiktionary-latest-pages-articles-multistream.xml.bz2","/mnt/nfs/dumps/mlwiktionary/20260901/mlwiktionary-20260901-pages-articles-multistream.xml.bz2",15151366,"2026-09-01 18:10:44.629151422 +0000",cf7426191880b22baf6809091d705d515f4056e7243895bd13b9ca3e1b8bb611
"/data/project/wdump/links/latest//mniwiki-latest-pages-articles-multistream.xml.bz2","/mnt/nfs/dumps/mniwiki/20260901/mniwiki-20260901-pages-articles-multistream.xml.bz2",5586887,"2026-09-01 18:22:37.824745251 +0000",0d7607223f1e1d4a4f900239d5cec97f23289bee18f8c592c62d6f9b75b14d62
"/data/project/wdump/links/latest//mniwiktionary-latest-pages-articles-multistream.xml.bz2","/mnt/nfs/dumps/mniwiktionary/20260901/mniwiktionary-20260901-pages-articles-multistream.xml.bz2",644210,"2026-09-01 15:36:17.845483398 +0000",4040d9f5a41fbc9873bf0b0497861d679b9ccd80fcc386d9e90a83cf31352197
"/data/project/wdump/links/latest//mnwiki-latest-pages-articles-multistream.xml.bz2","/mnt/nfs/dumps/mnwiki/20260901/mnwiki-20260901-pages-articles-multistream.xml.bz2",54090113,"2026-09-01 17:26:20.577500461 +0000",cab928ae59774d6379034b9f01dc3e0bf3e564dd2da267b0ad713c28334e11f4
"/data/project/wdump/links/latest//mnwikibooks-latest-pages-articles-multistream.xml.bz2","/mnt/nfs/dumps/mnwikibooks/20260901/mnwikibooks-20260901-pages-articles-multistream.xml.bz2",12028,"2026-09-01 15:33:55.501128652 +0000",a9caa25509bd869922f8f5966e0d88ad8878ceb66128ba280060b9424123adda
"/data/project/wdump/links/latest//mnwiktionary-latest-pages-articles-multistream.xml.bz2","/mnt/nfs/dumps/mnwiktionary/20260901/mnwiktionary-20260901-pages-articles-multistream.xml.bz2",8786300,"2026-09-01 19:20:10.745871070 +0000",13acd9e69f474ddf66f869517f92e76a415b8d2e6895b7b312fe4986c6336128
"/data/project/wdump/links/latest//mnwwiki-latest-pages-articles-multistream.xml.bz2","/mnt/nfs/dumps/mnwwiki/20260901/mnwwiki-20260901-pages-articles-multistream.xml.bz2",14735682,"2026-09-01 18:25:52.767790113 +0000",baacc4b5da6b0fd8abf84251b8afdb0fabc180b0e083d4d730fa03b647d1460b
"/data/project/wdump/links/latest//mnwwiktionary-latest-pages-articles-multistream.xml.bz2","/mnt/nfs/dumps/mnwwiktionary/20260901/mnwwiktionary-20260901-pages-articles-multistream.xml.bz2",62323821,"2026-09-01 19:10:27.859697779 +0000",55cc0b38f5fcd2026eb0884802d25a27ebed7046cccea994235252dbc71f91c3
"/data/project/wdump/links/latest//moswiki-latest-pages-articles-multistream.xml.bz2","/mnt/nfs/dumps/moswiki/20260901/moswiki-20260901-pages-articles-multistream.xml.bz2",2939187,"2026-09-01 19:10:53.893752001 +0000",2c6e9f226683ef4e4274ef13e0067ce4ce2a528ed146de8a5498c6a212d5518b
"/data/project/wdump/links/latest//mowiki-latest-pages-articles-multistream.xml.bz2","/mnt/nfs/dumps/mowiki/20180101/mowiki-20180101-pages-articles-multistream.xml.bz2",445257,"2018-01-03 05:50:27.308261952 +0000",ea15164c719ef6667d053c9e8e8616eb669915dd06b8060d64172c5eb053b55a
"/data/project/wdump/links/latest//mowiktionary-latest-pages-articles-multistream.xml.bz2","/mnt/nfs/dumps/mowiktionary/20180101/mowiktionary-20180101-pages-articles-multistream.xml.bz2",52917,"2018-01-03 05:23:31.202982839 +0000",73556a6e186771a292706837bfee13304120ee49bb71ba12fed6b2f894681792
"/data/project/wdump/links/latest//mrjwiki-latest-pages-articles-multistream.xml.bz2","/mnt/nfs/dumps/mrjwiki/20260901/mrjwiki-20260901-pages-articles-multistream.xml.bz2",4194588,"2026-09-01 19:14:24.054934869 +0000",f48bd73d653118375777e3dcb5e4876c68f5b612d36a57fe4c1078d5f69b7d04
"/data/project/wdump/links/latest//mrwiki-latest-pages-articles-multistream.xml.bz2","/mnt/nfs/dumps/mrwiki/20260901/mrwiki-20260901-pages-articles-multistream.xml.bz2",107060535,"2026-09-01 19:11:11.055558649 +0000",81b71a43711bdf28b20695132ee2a3a022afe73f8100a24b3e04fc4ae9cbbb02
"/data/project/wdump/links/latest//mrwikibooks-latest-pages-articles-multistream.xml.bz2","/mnt/nfs/dumps/mrwikibooks/20260901/mrwikibooks-20260901-pages-articles-multistream.xml.bz2",4645140,"2026-09-01 15:07:52.448909757 +0000",dcc661959911eb320dffa916a3b186708122673589a01a60b97cc5e3b9ec5234
"/data/project/wdump/links/latest//mrwikiquote-latest-pages-articles-multistream.xml.bz2","/mnt/nfs/dumps/mrwikiquote/20260901/mrwikiquote-20260901-pages-articles-multistream.xml.bz2",423089,"2026-09-01 18:21:59.116862004 +0000",e907b8897467b17aad52ca6178db30592f8fd3d3767457d7c7626fe7b68119e7
"/data/project/wdump/links/latest//mrwikisource-latest-pages-articles-multistream.xml.bz2","/mnt/nfs/dumps/mrwikisource/20260901/mrwikisource-20260901-pages-articles-multistream.xml.bz2",68835776,"2026-09-01 15:16:20.818174586 +0000",34dfb912a41577b0b08a9739c5e633a45535ef0e95352231ebc65955c7e134d0
"/data/project/wdump/links/latest//mrwiktionary-latest-pages-articles-multistream.xml.bz2","/mnt/nfs/dumps/mrwiktionary/20260901/mrwiktionary-20260901-pages-articles-multistream.xml.bz2",1875422,"2026-09-01 15:33:37.093076535 +0000",07e9948f5daec25cfe6768e8f3e9fdff53368bb2edc461ca733d98c1bf1bac08
"/data/project/wdump/links/latest//mswiki-latest-pages-articles-multistream.xml.bz2","/mnt/nfs/dumps/mswiki/20260901/mswiki-20260901-pages-articles-multistream.xml.bz2",436939652,"2026-09-01 16:49:48.247816533 +0000",7c7ea9469cf16ae83b6356b97927b025dc74f6285b44e27eaa51c826c0864490
"/data/project/wdump/links/latest//mswikibooks-latest-pages-articles-multistream.xml.bz2","/mnt/nfs/dumps/mswikibooks/20260901/mswikibooks-20260901-pages-articles-multistream.xml.bz2",2820107,"2026-09-01 15:38:02.576035859 +0000",287acdf6caf955d3be8d0b9cccc9eb667db41c645bc795c3859c9e8d72a0b74f
"/data/project/wdump/links/latest//mswikiquote-latest-pages-articles-multistream.xml.bz2","/mnt/nfs/dumps/mswikiquote/20260901/mswikiquote-20260901-pages-articles-multistream.xml.bz2",607911,"2026-09-01 15:24:32.971541943 +0000",04adcc4a39c6ea0b28c32bab1d99b5b4ff04bdba2852447f94866762d42383bb
"/data/project/wdump/links/latest//mswikisource-latest-pages-articles-multistream.xml.bz2","/mnt/nfs/dumps/mswikisource/20260901/mswikisource-20260901-pages-articles-multistream.xml.bz2",4708420,"2026-09-01 15:42:01.737729662 +0000",0248f21f551c0aa600c9654eb0c376a8702eebd2145662ea50fcf73683da1703
"/data/project/wdump/links/latest//mswiktionary-latest-pages-articles-multistream.xml.bz2","/mnt/nfs/dumps/mswiktionary/20260901/mswiktionary-20260901-pages-articles-multistream.xml.bz2",20711624,"2026-09-01 15:23:40.476404012 +0000",3b02759f2de061d3cc035f9f61572c97972e65518d062a07a164a9e43068cbf7
"/data/project/wdump/links/latest//mtwiki-latest-pages-articles-multistream.xml.bz2","/mnt/nfs/dumps/mtwiki/20260901/mtwiki-20260901-pages-articles-multistream.xml.bz2",27329483,"2026-09-01 15:22:56.499271705 +0000",2892d09d7b0dd74493a66e9e28e7bbcc198f52b7bfbe29151bf5f18f40f8202e
"/data/project/wdump/links/latest//mtwiktionary-latest-pages-articles-multistream.xml.bz2","/mnt/nfs/dumps/mtwiktionary/20260901/mtwiktionary-20260901-pages-articles-multistream.xml.bz2",2608236,"2026-09-01 15:21:56.247103357 +0000",57725064d2634392dcc2143c070540b9d4ed0426521e864fe3fe210dc2aea0b8
"/data/project/wdump/links/latest//muswiki-latest-pages-articles-multistream.xml.bz2","/mnt/nfs/dumps/muswiki/20260901/muswiki-20260901-pages-articles-multistream.xml.bz2",5079,"2026-09-01 15:24:15.431492753 +0000",3cd3848f5bb0180ba9de58b52e5d14c64b90c3500f5297650976f921873afa2d
"/data/project/wdump/links/latest//mwlwiki-latest-pages-articles-multistream.xml.bz2","/mnt/nfs/dumps/mwlwiki/20260901/mwlwiki-20260901-pages-articles-multistream.xml.bz2",10196223,"2026-09-01 15:42:37.745485568 +0000",15cbe5ab1530fa98af20bdd8ca323473f6ba68f5f0ac484336417dbd7381d9c5
"/data/project/wdump/links/latest//mxwikimedia-latest-pages-articles-multistream.xml.bz2","/mnt/nfs/dumps/mxwikimedia/20260901/mxwikimedia-20260901-pages-articles-multistream.xml.bz2",554499,"2026-09-01 15:24:16.411495500 +0000",53c574a314d4459faf95ef257b975e65b7e15bcf76c86bbaf620922d79045419
"/data/project/wdump/links/latest//myvwiki-latest-pages-articles-multistream.xml.bz2","/mnt/nfs/dumps/myvwiki/20260901/myvwiki-20260901-pages-articles-multistream.xml.bz2",13256334,"2026-09-01 17:46:02.852084762 +0000",94b1690721d76542fb60afccd464a0bfa5e28a2866c6768b72eb0636700a9f9a
"/data/project/wdump/links/latest//mywiki-latest-pages-articles-multistream.xml.bz2","/mnt/nfs/dumps/mywiki/20260901/mywiki-20260901-pages-articles-multistream.xml.bz2",78580053,"2026-09-01 18:22:59.919283922 +0000",af35f046de1bc99cbf9fb816fecb83ae02993da77c4b89b318b8c370e03be4a8
"/data/project/wdump/links/latest//mywikibooks-latest-pages-articles-multistream.xml.bz2","/mnt/nfs/dumps/mywikibooks/20260901/mywikibooks-20260901-pages-articles-multistream.xml.bz2",5283,"2026-09-01 17:47:38.093374564 +0000",f2e2d82e15a8998a7b104c6aa25e4d3401d52ba924838c48394f8d24105d0df1
"/data/project/wdump/links/latest//mywikisource-latest-pages-articles-multistream.xml.bz2","/mnt/nfs/dumps/mywikisource/20260901/mywikisource-20260901-pages-articles-multistream.xml.bz2",51510762,"2026-09-01 18:13:44.501855981 +0000",82589cb4cba193353c73d7dc1fb3f8f03d3c230a7b9000adf45aa246cd6c79c2
"/data/project/wdump/links/latest//mywiktionary-latest-pages-articles-multistream.xml.bz2","/mnt/nfs/dumps/mywiktionary/20260901/mywiktionary-20260901-pages-articles-multistream.xml.bz2",19036533,"2026-09-01 17:45:29.116982901 +0000",be89a8b989107bec3c144e06b3ab9624b041bdf98606c36620bc47a1d4a54cfd
"/data/project/wdump/links/latest//mznwiki-latest-pages-articles-multistream.xml.bz2","/mnt/nfs/dumps/mznwiki/20260901/mznwiki-20260901-pages-articles-multistream.xml.bz2",21048435,"2026-09-01 18:15:01.117448295 +0000",15ce3208ed4b493f038bf9927a51d114919ee845e9fba239c65f97483ce88409
"/data/project/wdump/links/latest//nahwiki-latest-pages-articles-multistream.xml.bz2","/mnt/nfs/dumps/nahwiki/20260901/nahwiki-20260901-pages-articles-multistream.xml.bz2",3232340,"2026-09-01 18:37:44.394626191 +0000",61ffd203ee90431031ae11d64c66eae291f854fb0e4e340fb922f4bc35c7df9d
"/data/project/wdump/links/latest//nahwikibooks-latest-pages-articles-multistream.xml.bz2","/mnt/nfs/dumps/nahwikibooks/20260901/nahwikibooks-20260901-pages-articles-multistream.xml.bz2",6510,"2026-09-01 18:38:26.903997649 +0000",98076cc597b2b64507beda789e6442f4e8be50fef6540f375c56e8703309ae9e
"/data/project/wdump/links/latest//nahwiktionary-latest-pages-articles-multistream.xml.bz2","/mnt/nfs/dumps/nahwiktionary/20260901/nahwiktionary-20260901-pages-articles-multistream.xml.bz2",1414818,"2026-09-01 18:40:56.303308797 +0000",29e02eda121e183fb2e4c09a5c4ede61656b0c0811de9dc24c07e07a1b8bfb95
"/data/project/wdump/links/latest//napwiki-latest-pages-articles-multistream.xml.bz2","/mnt/nfs/dumps/napwiki/20260901/napwiki-20260901-pages-articles-multistream.xml.bz2",6441333,"2026-09-01 18:41:15.503375868 +0000",79b606680ef9dcf48565ed3b5a72be41d297d69199c0ae590e756e3086f6f1b0
"/data/project/wdump/links/latest//napwikisource-latest-pages-articles-multistream.xml.bz2","/mnt/nfs/dumps/napwikisource/20260901/napwikisource-20260901-pages-articles-multistream.xml.bz2",5919853,"2026-09-01 18:39:52.173282439 +0000",2d3305c1ed2d022c96396a934a37df79d937a4a57a3a716e19a89f8ee47dd213
"/data/project/wdump/links/latest//nawiki-latest-pages-articles-multistream.xml.bz2","/mnt/nfs/dumps/nawiki/20260901/nawiki-20260901-pages-articles-multistream.xml.bz2",144854,"2026-09-01 18:39:18.325467528 +0000",4841934837646c94c0cf0177b5954a9caec7d0bcd988894b1acea1919f575fac
"/data/project/wdump/links/latest//nawikibooks-latest-pages-articles-multistream.xml.bz2","/mnt/nfs/dumps/nawikibooks/20260901/nawikibooks-20260901-pages-articles-multistream.xml.bz2",10091,"2026-09-01 16:15:24.020182758 +0000",6640351342148ad4801c910fdeec2d09ff983602e1ee380576d5c6a14d0318e6
"/data/project/wdump/links/latest//nawikiquote-latest-pages-articles-multistream.xml.bz2","/mnt/nfs/dumps/nawikiquote/20260901/nawikiquote-20260901-pages-articles-multistream.xml.bz2",4788,"2026-09-01 16:06:10.264295972 +0000",305bec3e7bc3a73b123acdeae94bc96872c6aa5eaf80b9d1111aa05591fba0d2
"/data/project/wdump/links/latest//nawiktionary-latest-pages-articles-multistream.xml.bz2","/mnt/nfs/dumps/nawiktionary/20260901/nawiktionary-20260901-pages-articles-multistream.xml.bz2",288708,"2026-09-01 18:40:24.155196050 +0000",90dd7aebfa61e288d91bbc22fea2af0a9647e58d326a970beee6c75685f20ce9
"/data/project/wdump/links/latest//nds_nlwiki-latest-pages-articles-multistream.xml.bz2","/mnt/nfs/dumps/nds_nlwiki/20260901/nds_nlwiki-20260901-pages-articles-multistream.xml.bz2",9932521,"2026-09-01 18:43:08.708191233 +0000",753d54d5a2cf9580ee9a2be37a775734dff346febbe284a8be988999146b3880
"/data/project/wdump/links/latest//ndswiki-latest-pages-articles-multistream.xml.bz2","/mnt/nfs/dumps/ndswiki/20260901/ndswiki-20260901-pages-articles-multistream.xml.bz2",52520461,"2026-09-01 18:42:41.856341774 +0000",2153266991745800a028a20f1480a1578fc185694e0d809ba60df5d3aed6650a
"/data/project/wdump/links/latest//ndswikibooks-latest-pages-articles-multistream.xml.bz2","/mnt/nfs/dumps/ndswikibooks/20260901/ndswikibooks-20260901-pages-articles-multistream.xml.bz2",10198,"2026-09-01 18:42:50.399704690 +0000",757e82c847e78fdfe9ad6533761ff98cdd2861597a86af8c84c128ce0fcaf03e
"/data/project/wdump/links/latest//ndswikiquote-latest-pages-articles-multistream.xml.bz2","/mnt/nfs/dumps/ndswikiquote/20260901/ndswikiquote-20260901-pages-articles-multistream.xml.bz2",3985,"2026-09-01 18:41:31.925036346 +0000",a09b27108d294d79c137e0dbab53c3c588a223d8ec5f3b1d256a6c9f10f177c1
"/data/project/wdump/links/latest//ndswiktionary-latest-pages-articles-multistream.xml.bz2","/mnt/nfs/dumps/ndswiktionary/20260901/ndswiktionary-20260901-pages-articles-multistream.xml.bz2",5239668,"2026-09-01 18:38:49.817382117 +0000",d8c58c1a2820a097b8b9f0fdbaefae773a6a817bc131d8585f35448032777c49
"/data/project/wdump/links/latest//newiki-latest-pages-articles-multistream.xml.bz2","/mnt/nfs/dumps/newiki/20260901/newiki-20260901-pages-articles-multistream.xml.bz2",57674294,"2026-09-01 18:45:46.289989556 +0000",ebf4f12303866bdc6330025c4c17462094b2775b30150a18a12254e383fb256e
"/data/project/wdump/links/latest//newikibooks-latest-pages-articles-multistream.xml.bz2","/mnt/nfs/dumps/newikibooks/20260901/newikibooks-20260901-pages-articles-multistream.xml.bz2",1663372,"2026-09-01 18:43:53.771937711 +0000",48b59810f89dcadf4b507d7450ea219f77042df8bda5b1f0450cdc1a68966f18
"/data/project/wdump/links/latest//newiktionary-latest-pages-articles-multistream.xml.bz2","/mnt/nfs/dumps/newiktionary/20260901/newiktionary-20260901-pages-articles-multistream.xml.bz2",5422657,"2026-09-01 18:44:22.471775704 +0000",a7a8968c8354eb9cea5bf7157e95bb92dba8f6972def3a14b462f6608568ae72
"/data/project/wdump/links/latest//newwiki-latest-pages-articles-multistream.xml.bz2","/mnt/nfs/dumps/newwiki/20260901/newwiki-20260901-pages-articles-multistream.xml.bz2",27181492,"2026-09-01 18:47:00.274878518 +0000",622be42774e3f4b91f7e4a0866f56e1518324c4bcf64c6576a560f2666ed79e2
"/data/project/wdump/links/latest//ngwiki-latest-pages-articles-multistream.xml.bz2","/mnt/nfs/dumps/ngwiki/20260901/ngwiki-20260901-pages-articles-multistream.xml.bz2",85026,"2026-09-01 18:45:45.768302635 +0000",6892565e7db075ea8ec18094f90ac8fab26376ffc16e2f09951bb8b20993e833
"/data/project/wdump/links/latest//ngwikimedia-latest-pages-articles-multistream.xml.bz2","/mnt/nfs/dumps/ngwikimedia/20260901/ngwikimedia-20260901-pages-articles-multistream.xml.bz2",1888,"2026-09-01 18:45:46.244304244 +0000",b6528d6fc036784b918d4b6c262195b99ba2a65915e54bf1905ff728e2770243
"/data/project/wdump/links/latest//niawiki-latest-pages-articles-multistream.xml.bz2","/mnt/nfs/dumps/niawiki/20260901/niawiki-20260901-pages-articles-multistream.xml.bz2",3516711,"2026-09-01 12:41:45.980204408 +0000",efa444f1e343e02bff669e86b11545f8b60343db5c6a62aeb3c3e00c890a5fe9
"/data/project/wdump/links/latest//niawiktionary-latest-pages-articles-multistream.xml.bz2","/mnt/nfs/dumps/niawiktionary/20260901/niawiktionary-20260901-pages-articles-multistream.xml.bz2",2477891,"2026-09-01 15:44:27.106705098 +0000",e7437b7fefa4a83dff1200faf01727578cd953fdadc5c5f4057e04a6f72cdec3
"/data/project/wdump/links/latest//nlwiki-latest-pages-articles-multistream.xml.bz2","/mnt/nfs/dumps/nlwiki/20260901/nlwiki-20260901-pages-articles-multistream.xml.bz2",2185564900,"2026-09-01 17:41:02.540875040 +0000",5e61209dbd34d7a945d8a38276de91f4f4a4131aa11fb7a2bfa7b6566b3f0411
"/data/project/wdump/links/latest//nlwikibooks-latest-pages-articles-multistream.xml.bz2","/mnt/nfs/dumps/nlwikibooks/20260901/nlwikibooks-20260901-pages-articles-multistream.xml.bz2",18135406,"2026-09-01 18:49:09.402137732 +0000",0c70266d3a8afcb6c21788e9cddcdec5d07f995618c7800aeb6c006dc407d7c7
"/data/project/wdump/links/latest//nlwikimedia-latest-pages-articles-multistream.xml.bz2","/mnt/nfs/dumps/nlwikimedia/20260901/nlwikimedia-20260901-pages-articles-multistream.xml.bz2",3747851,"2026-09-01 18:48:43.120897722 +0000",7aba2e3966aa11c900504a6cd23e50a66add4c3c05cd95fd1926d09fcbe0236d
"/data/project/wdump/links/latest//nlwikinews-latest-pages-articles-multistream.xml.bz2","/mnt/nfs/dumps/nlwikinews/20260901/nlwikinews-20260901-pages-articles-multistream.xml.bz2",7883168,"2026-09-01 18:48:31.430356095 +0000",0d78a33f28124186fb97f930e61099b0909308216b168a86c044cd60a8c0338a
"/data/project/wdump/links/latest//nlwikiquote-latest-pages-articles-multistream.xml.bz2","/mnt/nfs/dumps/nlwikiquote/20260901/nlwikiquote-20260901-pages-articles-multistream.xml.bz2",2589124,"2026-09-01 16:14:03.359871625 +0000",236c3de6a7474f7edaf9704a998b504dac7b0859635a3bd33727c56afef56fe0
"/data/project/wdump/links/latest//nlwikisource-latest-pages-articles-multistream.xml.bz2","/mnt/nfs/dumps/nlwikisource/20260901/nlwikisource-20260901-pages-articles-multistream.xml.bz2",53980657,"2026-09-01 18:51:03.129362558 +0000",8f4fd7bd45af7785037224efb86f43f1a92b977b718f67d09330deffd62df272
"/data/project/wdump/links/latest//nlwikivoyage-latest-pages-articles-multistream.xml.bz2","/mnt/nfs/dumps/nlwikivoyage/20260901/nlwikivoyage-20260901-pages-articles-multistream.xml.bz2",7000322,"2026-09-01 18:50:09.877186188 +0000",0b5e832d87a523bca3fbcbd6ec552debce6d8762dd8f788891c158d121c66472
"/data/project/wdump/links/latest//nlwiktionary-latest-pages-articles-multistream.xml.bz2","/mnt/nfs/dumps/nlwiktionary/20260901/nlwiktionary-20260901-pages-articles-multistream.xml.bz2",180987611,"2026-09-01 18:52:01.896586076 +0000",5dde235d430573b0f3bfffebb892ac07716b6cf66c5e62b04413a4984c9db591
"/data/project/wdump/links/latest//nnwiki-latest-pages-articles-multistream.xml.bz2","/mnt/nfs/dumps/nnwiki/20260901/nnwiki-20260901-pages-articles-multistream.xml.bz2",186366936,"2026-09-01 18:55:29.694239281 +0000",aacfcf4926fc0bfe20c45e8dbd6645056992473d2a0a40216562a4c840782329
"/data/project/wdump/links/latest//nnwikiquote-latest-pages-articles-multistream.xml.bz2","/mnt/nfs/dumps/nnwikiquote/20260901/nnwikiquote-20260901-pages-articles-multistream.xml.bz2",897706,"2026-09-01 18:51:42.321492060 +0000",35d3c112939d8418f32bc76b1cabe5c2dba23cf7436cd90083a811a2b9bd98af
"/data/project/wdump/links/latest//nnwiktionary-latest-pages-articles-multistream.xml.bz2","/mnt/nfs/dumps/nnwiktionary/20260901/nnwiktionary-20260901-pages-articles-multistream.xml.bz2",1917320,"2026-09-01 15:58:41.216989343 +0000",d576f14de47db8565710da0afe81e780b82a0b0442c6ac287e78a205223cd68f
"/data/project/wdump/links/latest//nostalgiawiki-latest-pages-articles-multistream.xml.bz2","/mnt/nfs/dumps/nostalgiawiki/20260901/nostalgiawiki-20260901-pages-articles-multistream.xml.bz2",19059203,"2026-09-01 18:55:01.606147298 +0000",8195428e13004c323ea3c436edcc2f0400bf07aeb9b0d29443d41e22da88fe71
"/data/project/wdump/links/latest//novwiki-latest-pages-articles-multistream.xml.bz2","/mnt/nfs/dumps/novwiki/20260901/novwiki-20260901-pages-articles-multistream.xml.bz2",1552136,"2026-09-01 18:53:36.029866529 +0000",38153ef54ddf3b3406b48eab5db3623cd8d7eadd0789057838a79415df3663a8
"/data/project/wdump/links/latest//nowiki-latest-pages-articles-multistream.xml.bz2","/mnt/nfs/dumps/nowiki/20260901/nowiki-20260901-pages-articles-multistream.xml.bz2",901433824,"2026-09-01 14:25:44.905083544 +0000",231db69c428da55c6284b567e80f47ad73ec811956d5b3cdf99b006252ab73ca
"/data/project/wdump/links/latest//nowikibooks-latest-pages-articles-multistream.xml.bz2","/mnt/nfs/dumps/nowikibooks/20260901/nowikibooks-20260901-pages-articles-multistream.xml.bz2",2793511,"2026-09-01 18:53:37.389159520 +0000",fd15192c40a3cc219a8b74e1e5d4c0eaf7c5dcbf5cd6cab8408f7f1803b0bc24
"/data/project/wdump/links/latest//nowikimedia-latest-pages-articles-multistream.xml.bz2","/mnt/nfs/dumps/nowikimedia/20260901/nowikimedia-20260901-pages-articles-multistream.xml.bz2",2556230,"2026-09-01 18:56:34.706307030 +0000",4e851d5703ed1cc635f8a18c457fcc7acf4808173293d0f237af2aeda133afe6
"/data/project/wdump/links/latest//nowikinews-latest-pages-articles-multistream.xml.bz2","/mnt/nfs/dumps/nowikinews/20260901/nowikinews-20260901-pages-articles-multistream.xml.bz2",1024275,"2026-09-01 18:55:27.622232498 +0000",5897355c7cb566d3d3f73ee33da7ce93096a329efd04868a435538b34966f715
"/data/project/wdump/links/latest//nowikiquote-latest-pages-articles-multistream.xml.bz2","/mnt/nfs/dumps/nowikiquote/20260901/nowikiquote-20260901-pages-articles-multistream.xml.bz2",1263786,"2026-09-01 18:56:43.317446682 +0000",f8c57f506ed1f503acc59eea42705213dd2f2d6234d66b9dfe7b8478d18a688c
"/data/project/wdump/links/latest//nowikisource-latest-pages-articles-multistream.xml.bz2","/mnt/nfs/dumps/nowikisource/20260901/nowikisource-20260901-pages-articles-multistream.xml.bz2",89888970,"2026-09-01 18:57:34.646647594 +0000",02fbd0ca734ddcbc86feef4c1cff358c7f3d62b4deee321cd198c4aba386d3f2
"/data/project/wdump/links/latest//nowiktionary-latest-pages-articles-multistream.xml.bz2","/mnt/nfs/dumps/nowiktionary/20260901/nowiktionary-20260901-pages-articles-multistream.xml.bz2",17860009,"2026-09-01 18:58:55.273882430 +0000",886f4d5003edd167e9d49aca8171d681fb1270ea2bfb174ed93c5f72a4f63699
"/data/project/wdump/links/latest//nqowiki-latest-pages-articles-multistream.xml.bz2","/mnt/nfs/dumps/nqowiki/20260901/nqowiki-20260901-pages-articles-multistream.xml.bz2",2176606,"2026-09-01 18:35:56.290229583 +0000",3bfd07266679a26790c717d9727c07ef8111a08dbb3caa62a936e21673c82ab4
"/data/project/wdump/links/latest//nrmwiki-latest-pages-articles-multistream.xml.bz2","/mnt/nfs/dumps/nrmwiki/20260901/nrmwiki-20260901-pages-articles-multistream.xml.bz2",2281834,"2026-09-01 20:35:44.807100739 +0000",901bccbd8ed783dfdcaae27297f962feff2c929f7afb2f709cdc4565a4631ecb
"/data/project/wdump/links/latest//nrwiki-latest-pages-articles-multistream.xml.bz2","/mnt/nfs/dumps/nrwiki/20260901/nrwiki-20260901-pages-articles-multistream.xml.bz2",855158,"2026-09-01 20:36:09.207172852 +0000",30be044ea4370a3b15ca7aae114a46d8df1eafa42b13c392e70d241d3ef6892b
"/data/project/wdump/links/latest//nsowiki-latest-pages-articles-multistream.xml.bz2","/mnt/nfs/dumps/nsowiki/20260901/nsowiki-20260901-pages-articles-multistream.xml.bz2",4353777,"2026-09-01 20:39:28.489505450 +0000",d6a60edf6a58d73b53309708027855d90d7614e0abe6792c8aae034671bd032f
"/data/project/wdump/links/latest//nupwiki-latest-pages-articles-multistream.xml.bz2","/mnt/nfs/dumps/nupwiki/20260901/nupwiki-20260901-pages-articles-multistream.xml.bz2",484700,"2026-09-01 20:37:23.315391874 +0000",8ceffa0a832543d21f9e5c6157fd13e050005afd902c09af87dd4bc1acd4a678
"/data/project/wdump/links/latest//nvwiki-latest-pages-articles-multistream.xml.bz2","/mnt/nfs/dumps/nvwiki/20260901/nvwiki-20260901-pages-articles-multistream.xml.bz2",6435959,"2026-09-01 20:40:06.001391282 +0000",3158075dd4a057b8e290f6c4a20f5338b43be9fea486549d374c2f7b85631d35
"/data/project/wdump/links/latest//nycwikimedia-latest-pages-articles-multistream.xml.bz2","/mnt/nfs/dumps/nycwikimedia/20260901/nycwikimedia-20260901-pages-articles-multistream.xml.bz2",107893,"2026-09-01 18:27:52.632272771 +0000",88c0f31428423d6c4a9f59c466123ec959dbbbc2a061e7f3cbd93d654f719024
"/data/project/wdump/links/latest//nywiki-latest-pages-articles-multistream.xml.bz2","/mnt/nfs/dumps/nywiki/20260901/nywiki-20260901-pages-articles-multistream.xml.bz2",3221686,"2026-09-01 20:39:32.795774552 +0000",dd452d8498ee0cad5106a64745f1f78a32200ba232c58a29840190dd1f3c52af
"/data/project/wdump/links/latest//nzwikimedia-latest-pages-articles-multistream.xml.bz2","/mnt/nfs/dumps/nzwikimedia/20260901/nzwikimedia-20260901-pages-articles-multistream.xml.bz2",32705,"2026-09-01 20:38:15.635546506 +0000",037f7892c9cc14aea61186fd7838256c877e98fcfe5f347bb02245bd00c12093
"/data/project/wdump/links/latest//ocwiki-latest-pages-articles-multistream.xml.bz2","/mnt/nfs/dumps/ocwiki/20260901/ocwiki-20260901-pages-articles-multistream.xml.bz2",92013103,"2026-09-01 20:55:25.272076046 +0000",44b310ce6762917575d04f5333c0e981eeeaabd9c7a4b8e7e7ca125854d881c2
"/data/project/wdump/links/latest//ocwikibooks-latest-pages-articles-multistream.xml.bz2","/mnt/nfs/dumps/ocwikibooks/20260901/ocwikibooks-20260901-pages-articles-multistream.xml.bz2",301023,"2026-09-01 20:40:02.649401512 +0000",f47ed77072709b63db59e8f7d3111e951ad3ab479382e43a6f66c4d05bcc63fd
"/data/project/wdump/links/latest//ocwiktionary-latest-pages-articles-multistream.xml.bz2","/mnt/nfs/dumps/ocwiktionary/20260901/ocwiktionary-20260901-pages-articles-multistream.xml.bz2",17257361,"2026-09-01 20:41:18.689168169 +0000",931f44a822b10e73797337075d8bba671bf292cc9f9e8b8dafc0e2c8a94c1dcc
"/data/project/wdump/links/latest//olowiki-latest-pages-articles-multistream.xml.bz2","/mnt/nfs/dumps/olowiki/20260901/olowiki-20260901-pages-articles-multistream.xml.bz2",3344057,"2026-09-01 12:31:54.470626372 +0000",2b99b55de89a080159efd00dd6cfebbd136624f14482ceb0e83b2276b71a7af4
"/data/project/wdump/links/latest//omwiki-latest-pages-articles-multistream.xml.bz2","/mnt/nfs/dumps/omwiki/20260901/omwiki-20260901-pages-articles-multistream.xml.bz2",2945730,"2026-09-01 20:41:18.169169773 +0000",6fa7678029d946e8c13fb00e088a2c21553bf955a5e6801d5313fc56173618aa
"/data/project/wdump/links/latest//omwiktionary-latest-pages-articles-multistream.xml.bz2","/mnt/nfs/dumps/omwiktionary/20260901/omwiktionary-20260901-pages-articles-multistream.xml.bz2",5601499,"2026-09-01 21:02:27.106857782 +0000",659ea4ee5082b230e580cbf2029354ef3ef03eb1e2605b6beaf8e3bf52764d7f
"/data/project/wdump/links/latest//orwiki-latest-pages-articles-multistream.xml.bz2","/mnt/nfs/dumps/orwiki/20260901/orwiki-20260901-pages-articles-multistream.xml.bz2",43930703,"2026-09-01 20:42:54.544370825 +0000",996e69745b4844cca2865a45d2c72bd7ea8d827c144b9761deccad07c7cfad64
"/data/project/wdump/links/latest//orwikisource-latest-pages-articles-multistream.xml.bz2","/mnt/nfs/dumps/orwikisource/20260901/orwikisource-20260901-pages-articles-multistream.xml.bz2",8617496,"2026-09-01 20:54:31.510638735 +0000",42389543b19ce1e4818b473f9dd2c23e1a14b780b093da5d2c36e653fa756aa5
"/data/project/wdump/links/latest//orwiktionary-latest-pages-articles-multistream.xml.bz2","/mnt/nfs/dumps/orwiktionary/20260901/orwiktionary-20260901-pages-articles-multistream.xml.bz2",19965234,"2026-09-01 20:28:52.076521459 +0000",62edacbfed01d19d8832bb96c6bf021bd5e492023187ea96eb93b28363a27e52
"/data/project/wdump/links/latest//oswiki-latest-pages-articles-multistream.xml.bz2","/mnt/nfs/dumps/oswiki/20260901/oswiki-20260901-pages-articles-multistream.xml.bz2",19880581,"2026-09-01 18:36:41.522310968 +0000",e4cb43be5293e734b30d99f1dde7c5e285bfd0e2c1f55fdfcd1d24d309c7d662
"/data/project/wdump/links/latest//outreachwiki-latest-pages-articles-multistream.xml.bz2","/mnt/nfs/dumps/outreachwiki/20260901/outreachwiki-20260901-pages-articles-multistream.xml.bz2",20636084,"2026-09-01 18:32:03.092249672 +0000",d4aa7cb39fac06990bbb5ef2fb14862dcf281e4b109413af9a698fa6f7c2a182
"/data/project/wdump/links/latest//pa_uswikimedia-latest-pages-articles-multistream.xml.bz2","/mnt/nfs/dumps/pa_uswikimedia/20260901/pa_uswikimedia-20260901-pages-articles-multistream.xml.bz2",63250,"2026-09-01 18:31:49.231797834 +0000",96c817d9d5e950bf055ca55a4cdd1227b339850113181c2446cc2a03c880f87d
"/data/project/wdump/links/latest//pagwiki-latest-pages-articles-multistream.xml.bz2","/mnt/nfs/dumps/pagwiki/20260901/pagwiki-20260901-pages-articles-multistream.xml.bz2",2016432,"2026-09-01 17:17:16.567859613 +0000",367516142d8ee7f38511856e0d30808617d73905002a430c32440170dbfdb08c
"/data/project/wdump/links/latest//pamwiki-latest-pages-articles-multistream.xml.bz2","/mnt/nfs/dumps/pamwiki/20260901/pamwiki-20260901-pages-articles-multistream.xml.bz2",11177542,"2026-09-01 17:20:03.128362214 +0000",577bef52cf02dec5331c717cde28e4e5e81375d121301b41c38bc4dc72601633
"/data/project/wdump/links/latest//papwiki-latest-pages-articles-multistream.xml.bz2","/mnt/nfs/dumps/papwiki/20260901/papwiki-20260901-pages-articles-multistream.xml.bz2",7369625,"2026-09-01 15:47:15.072400207 +0000",a13e7be4b0e908284d8b6ae84389b66f1bc140b8167d6efaf6f46009fac02023
"/data/project/wdump/links/latest//pawiki-latest-pages-articles-multistream.xml.bz2","/mnt/nfs/dumps/pawiki/20260901/pawiki-20260901-pages-articles-multistream.xml.bz2",100325511,"2026-09-01 17:15:58.371621618 +0000",d4575283f0f32ef74f7659ad24a557de5cea48a085e2df3f5834ca6988124d29
"/data/project/wdump/links/latest//pawikibooks-latest-pages-articles-multistream.xml.bz2","/mnt/nfs/dumps/pawikibooks/20260901/pawikibooks-20260901-pages-articles-multistream.xml.bz2",587632,"2026-09-01 17:13:49.825350580 +0000",30c94a3f87bf2c11d4a268e80af09c3a15198ce0c54bda5ea4a92476d0a95895
"/data/project/wdump/links/latest//pawikisource-latest-pages-articles-multistream.xml.bz2","/mnt/nfs/dumps/pawikisource/20260901/pawikisource-20260901-pages-articles-multistream.xml.bz2",35152312,"2026-09-01 18:32:13.309372749 +0000",a827ee831d19bf8fa1693e97c0b0fa481bff23033822d9cb87e48b8d45c5e403
"/data/project/wdump/links/latest//pawiktionary-latest-pages-articles-multistream.xml.bz2","/mnt/nfs/dumps/pawiktionary/20260901/pawiktionary-20260901-pages-articles-multistream.xml.bz2",2454265,"2026-09-01 17:09:11.906384384 +0000",6fd0ba7738be13a0f8285ab8868ceb231626ccf3a32232ca2a931dd92ba1fd91
"/data/project/wdump/links/latest//pcdwiki-latest-pages-articles-multistream.xml.bz2","/mnt/nfs/dumps/pcdwiki/20260901/pcdwiki-20260901-pages-articles-multistream.xml.bz2",7140355,"2026-09-01 17:08:47.801367236 +0000",ea83598e1d881e66644fbf2e76d36a75930476149fdaa37910bd9bfb0f6b00c9
"/data/project/wdump/links/latest//pcmwiki-latest-pages-articles-multistream.xml.bz2","/mnt/nfs/dumps/pcmwiki/20260901/pcmwiki-20260901-pages-articles-multistream.xml.bz2",2414220,"2026-09-01 17:06:50.982495520 +0000",ce3ec6bd72fd8d05e946f6a9b62bf65b8e0a3ee8ca550c3d47be0b8b7bd8c199
"/data/project/wdump/links/latest//pcmwikiquote-latest-pages-articles-multistream.xml.bz2","/mnt/nfs/dumps/pcmwikiquote/20260901/pcmwikiquote-20260901-pages-articles-multistream.xml.bz2",202667,"2026-09-01 17:03:11.701287620 +0000",fc6786bc302c09df8797af255c4724badf8e79ee5af2fc6942841deba70e84d6
"/data/project/wdump/links/latest//pdcwiki-latest-pages-articles-multistream.xml.bz2","/mnt/nfs/dumps/pdcwiki/20260901/pdcwiki-20260901-pages-articles-multistream.xml.bz2",1448065,"2026-09-01 16:59:12.493314376 +0000",5299ebd70a1f972a07ff4af6264e15c43fe4e0c253afe1a2c26984a42595734d
"/data/project/wdump/links/latest//pflwiki-latest-pages-articles-multistream.xml.bz2","/mnt/nfs/dumps/pflwiki/20260901/pflwiki-20260901-pages-articles-multistream.xml.bz2",4404670,"2026-09-01 21:09:49.484492993 +0000",969e0863abcbad66136982af7aa311542ca375647854abe517f5d14cff0e3b70
"/data/project/wdump/links/latest//pihwiki-latest-pages-articles-multistream.xml.bz2","/mnt/nfs/dumps/pihwiki/20260901/pihwiki-20260901-pages-articles-multistream.xml.bz2",160189,"2026-09-01 16:57:45.433475947 +0000",accf146405eb8c45b0b3e2ea0692481915d9358b9600e39651be9515807bfec1
"/data/project/wdump/links/latest//piwiki-latest-pages-articles-multistream.xml.bz2","/mnt/nfs/dumps/piwiki/20260901/piwiki-20260901-pages-articles-multistream.xml.bz2",1222974,"2026-09-01 16:52:43.724874175 +0000",e127bd9a2452dbd701419449f869abf7a1199b933c13ba62cd82875c2af5f633
"/data/project/wdump/links/latest//piwiktionary-latest-pages-articles-multistream.xml.bz2","/mnt/nfs/dumps/piwiktionary/20260901/piwiktionary-20260901-pages-articles-multistream.xml.bz2",5494,"2026-09-01 21:03:26.835011129 +0000",324eb979c71a1f725569f923429d58330d8fecb808d23c04274e7d0df1cb8cd8
"/data/project/wdump/links/latest//plwiki-latest-pages-articles-multistream.xml.bz2","/mnt/nfs/dumps/plwiki/20260901/plwiki-20260901-pages-articles-multistream.xml.bz2",2890827471,"2026-09-01 14:48:58.432944347 +0000",48c9ec8f6838da73d2db4afa8268d7d8814875757ba5436a31c5cb82f5abe15a
"/data/project/wdump/links/latest//plwikibooks-latest-pages-articles-multistream.xml.bz2","/mnt/nfs/dumps/plwikibooks/20260901/plwikibooks-20260901-pages-articles-multistream.xml.bz2",21354328,"2026-09-01 16:49:34.246794955 +0000",ad36abac8b35ad961d16a698c8c9c3ac7478c7ccc482a930d62427d5a506dfa3
"/data/project/wdump/links/latest//plwikimedia-latest-pages-articles-multistream.xml.bz2","/mnt/nfs/dumps/plwikimedia/20260901/plwikimedia-20260901-pages-articles-multistream.xml.bz2",8253647,"2026-09-01 16:41:43.895407974 +0000",496f36caca1cd0242850e75e4ec3dd2d00cfa38dac1eab8f990ce9390072568e
"/data/project/wdump/links/latest//plwikinews-latest-pages-articles-multistream.xml.bz2","/mnt/nfs/dumps/plwikinews/20260901/plwikinews-20260901-pages-articles-multistream.xml.bz2",25038876,"2026-09-01 16:39:17.548903298 +0000",762d71bd621ced3d9967886be6bb66a6c1e3f7c1247d1d4fef4213ecf9d30348
"/data/project/wdump/links/latest//plwikiquote-latest-pages-articles-multistream.xml.bz2","/mnt/nfs/dumps/plwikiquote/20260901/plwikiquote-20260901-pages-articles-multistream.xml.bz2",37133510,"2026-09-01 16:39:01.836854802 +0000",74a70d6b02aa3c764ccfadb9f794df515c25397da8572268b27ca48dd90cc57e
"/data/project/wdump/links/latest//plwikisource-latest-pages-articles-multistream.xml.bz2","/mnt/nfs/dumps/plwikisource/20260901/plwikisource-20260901-pages-articles-multistream.xml.bz2",675274033,"2026-09-01 21:37:33.488500822 +0000",c4385eff36eee20a9634acc367e36963e467327bebb4bd3cf923371fe357e5d9
"/data/project/wdump/links/latest//plwikivoyage-latest-pages-articles-multistream.xml.bz2","/mnt/nfs/dumps/plwikivoyage/20260901/plwikivoyage-20260901-pages-articles-multistream.xml.bz2",22044427,"2026-09-01 16:32:15.975591730 +0000",a52a0995f3264174b51ffeee378c0f3988963d3c14fb77ec8a4dd626c192b0f4
"/data/project/wdump/links/latest//plwiktionary-latest-pages-articles-multistream.xml.bz2","/mnt/nfs/dumps/plwiktionary/20260901/plwiktionary-20260901-pages-articles-multistream.xml.bz2",193217216,"2026-09-01 16:30:15.755212113 +0000",aaa5a165cb92f7c01f5eac048f0bd629ec053a89b330bf46e6540369bd38a431
"/data/project/wdump/links/latest//pmswiki-latest-pages-articles-multistream.xml.bz2","/mnt/nfs/dumps/pmswiki/20260901/pmswiki-20260901-pages-articles-multistream.xml.bz2",18643904,"2026-09-01 16:27:49.726745872 +0000",dab5f64fa4c23e3f851d5ed66d940d75b5e8a67c93d2c6c6fde473ac561fa7cf
"/data/project/wdump/links/latest//pmswikisource-latest-pages-articles-multistream.xml.bz2","/mnt/nfs/dumps/pmswikisource/20260901/pmswikisource-20260901-pages-articles-multistream.xml.bz2",6346668,"2026-09-01 16:07:42.542478243 +0000",51666fe1c2738f6009fae47d9f9bde56b5fa6d7b803898d4675df884906d7fe2
"/data/project/wdump/links/latest//pnbwiki-latest-pages-articles-multistream.xml.bz2","/mnt/nfs/dumps/pnbwiki/20260901/pnbwiki-20260901-pages-articles-multistream.xml.bz2",119822009,"2026-09-01 16:15:44.892261642 +0000",6d498208a8c81f82b34e438dc1904f59444a42a8f1a81dfe6350fb4f9f0b54d0
"/data/project/wdump/links/latest//pnbwiktionary-latest-pages-articles-multistream.xml.bz2","/mnt/nfs/dumps/pnbwiktionary/20260901/pnbwiktionary-20260901-pages-articles-multistream.xml.bz2",943502,"2026-09-01 16:14:52.144061037 +0000",53a6c7d17b9f1bbd447ef4ef21a49012102dcb989f0481266ad0020709419020
"/data/project/wdump/links/latest//pntwiki-latest-pages-articles-multistream.xml.bz2","/mnt/nfs/dumps/pntwiki/20260901/pntwiki-20260901-pages-articles-multistream.xml.bz2",1336587,"2026-09-01 16:22:25.523085933 +0000",185901e0afa6c4dc0ab0d21cbe5239d2601f1f9e244864451f86148657b05594
"/data/project/wdump/links/latest//pplwiki-latest-pages-articles-multistream.xml.bz2","/mnt/nfs/dumps/pplwiki/20260901/pplwiki-20260901-pages-articles-multistream.xml.bz2",847073,"2026-09-01 18:39:33.449637898 +0000",d250156c0991898b38694eccb306ab3901ce2caf42c9ab9e3bd78f8a51a6ff9f
"/data/project/wdump/links/latest//pswiki-latest-pages-articles-multistream.xml.bz2","/mnt/nfs/dumps/pswiki/20260901/pswiki-20260901-pages-articles-multistream.xml.bz2",53544994,"2026-09-01 21:02:34.063034480 +0000",5c84728e964312561859769311172d30ca2f0e4db860220bd57291ca8b2aa841
"/data/project/wdump/links/latest//pswikibooks-latest-pages-articles-multistream.xml.bz2","/mnt/nfs/dumps/pswikibooks/20260901/pswikibooks-20260901-pages-articles-multistream.xml.bz2",130920,"2026-09-01 15:27:52.004101607 +0000",65909b47e3ac70b51c5816cad24650ffd787568e7afe1543cf4fad214c9d9bed
"/data/project/wdump/links/latest//pswikivoyage-latest-pages-articles-multistream.xml.bz2","/mnt/nfs/dumps/pswikivoyage/20260901/pswikivoyage-20260901-pages-articles-multistream.xml.bz2",685956,"2026-09-01 18:39:17.306959669 +0000",94b51d11927e330e3d6097e1a67cc456caea4a15a8e312a52ebec22982a5fab9
"/data/project/wdump/links/latest//pswiktionary-latest-pages-articles-multistream.xml.bz2","/mnt/nfs/dumps/pswiktionary/20260901/pswiktionary-20260901-pages-articles-multistream.xml.bz2",3457424,"2026-09-01 18:38:13.670731941 +0000",7dea0962ee09aa8d4d17d6c6bd93e1e130f5cb7ba62b165a98b28d07f165c069
"/data/project/wdump/links/latest//ptwiki-latest-pages-articles-multistream.xml.bz2","/mnt/nfs/dumps/ptwiki/20260901/ptwiki-20260901-pages-articles-multistream.xml.bz2",2850616815,"2026-09-01 18:00:25.719758334 +0000",a7d7d3fa18010a26e38e5c38f0cd3e3baea4ae813729e1831ec8e2106cb4f90b
"/data/project/wdump/links/latest//ptwikibooks-latest-pages-articles-multistream.xml.bz2","/mnt/nfs/dumps/ptwikibooks/20260901/ptwikibooks-20260901-pages-articles-multistream.xml.bz2",23182178,"2026-09-01 13:23:22.124027597 +0000",688e393910e1cb8d6704b46ce09e96bc1e22abbd59411e9fb1c4aeb32a63befc
"/data/project/wdump/links/latest//ptwikimedia-latest-pages-articles-multistream.xml.bz2","/mnt/nfs/dumps/ptwikimedia/20260901/ptwikimedia-20260901-pages-articles-multistream.xml.bz2",871018,"2026-09-01 18:38:26.553748696 +0000",b75b2fd0d021cbed64463c9071ad98498528de2d69b4c82c03e05465809efb0a
"/data/project/wdump/links/latest//ptwikinews-latest-pages-articles-multistream.xml.bz2","/mnt/nfs/dumps/ptwikinews/20260901/ptwikinews-20260901-pages-articles-multistream.xml.bz2",37709191,"2026-09-01 18:38:26.316005690 +0000",ccdba67d6f5f3862228309866c4094220919e21cd0c14986f4f935646b379fb8
"/data/project/wdump/links/latest//ptwikiquote-latest-pages-articles-multistream.xml.bz2","/mnt/nfs/dumps/ptwikiquote/20260901/ptwikiquote-20260901-pages-articles-multistream.xml.bz2",13046888,"2026-09-01 16:18:54.824953971 +0000",ab54cda973aba7efc745b65e5a87bde9b53685ac8622e7da04f7837285414518
"/data/project/wdump/links/latest//ptwikisource-latest-pages-articles-multistream.xml.bz2","/mnt/nfs/dumps/ptwikisource/20260901/ptwikisource-20260901-pages-articles-multistream.xml.bz2",92092336,"2026-09-01 21:09:32.285099497 +0000",2f5b79203f0e54bb08baa4a27c7ddbfecec79bd2d13e1bc7aad5b0e75b7105ca
"/data/project/wdump/links/latest//ptwikiversity-latest-pages-articles-multistream.xml.bz2","/mnt/nfs/dumps/ptwikiversity/20260901/ptwikiversity-20260901-pages-articles-multistream.xml.bz2",19872953,"2026-09-01 18:30:35.865162454 +0000",a773322ea6d85aec51833a377ae35f6301a85a5fc0d46ccbd198364f5569b7a2
"/data/project/wdump/links/latest//ptwikivoyage-latest-pages-articles-multistream.xml.bz2","/mnt/nfs/dumps/ptwikivoyage/20260901/ptwikivoyage-20260901-pages-articles-multistream.xml.bz2",9697250,"2026-09-01 16:17:49.057680603 +0000",ca7cad55e4a90d230f4476922aa789a9c1cfd0006cb3c715bab771aec9ebd919
"/data/project/wdump/links/latest//ptwiktionary-latest-pages-articles-multistream.xml.bz2","/mnt/nfs/dumps/ptwiktionary/20260901/ptwiktionary-20260901-pages-articles-multistream.xml.bz2",85037228,"2026-09-01 13:05:51.398238205 +0000",74644682bf4a860c4cdfb087d0a9f940f6df8febd0c48d5e07e1f840a0a208b3
"/data/project/wdump/links/latest//punjabiwikimedia-latest-pages-articles-multistream.xml.bz2","/mnt/nfs/dumps/punjabiwikimedia/20260901/punjabiwikimedia-20260901-pages-articles-multistream.xml.bz2",1479,"2026-09-01 13:08:54.203682724 +0000",5793698a52cad83ab689c0e3bac1394a9b571ad8c13ee385ad507d768d8f72fd
"/data/project/wdump/links/latest//pwnwiki-latest-pages-articles-multistream.xml.bz2","/mnt/nfs/dumps/pwnwiki/20260901/pwnwiki-20260901-pages-articles-multistream.xml.bz2",629830,"2026-09-01 15:47:39.031204669 +0000",72f896ff185b3f587daa39ea0dd0e4a5a5f4c6d5282dfe0ab2a89c12f220361f
"/data/project/wdump/links/latest//qualitywiki-latest-pages-articles-multistream.xml.bz2","/mnt/nfs/dumps/qualitywiki/20260901/qualitywiki-20260901-pages-articles-multistream.xml.bz2",21938,"2026-09-01 19:49:00.802838627 +0000",90d73b9be9c2df9e3b091c6d6df91c3b14947a1f86a98a93cb954268b712f74a
"/data/project/wdump/links/latest//quwiki-latest-pages-articles-multistream.xml.bz2","/mnt/nfs/dumps/quwiki/20260901/quwiki-20260901-pages-articles-multistream.xml.bz2",15154283,"2026-09-01 15:55:31.260471244 +0000",f8be72bb64f575fb973a98bbe3212d7c7ea42fc84257a0c987042fbe6ef5278b
"/data/project/wdump/links/latest//quwikibooks-latest-pages-articles-multistream.xml.bz2","/mnt/nfs/dumps/quwikibooks/20260901/quwikibooks-20260901-pages-articles-multistream.xml.bz2",10898,"2026-09-01 20:18:15.612711415 +0000",c3c62a22426ad4a277e241a002eabfc6c538a56050f09892306eecfa13973c3e
"/data/project/wdump/links/latest//quwikiquote-latest-pages-articles-multistream.xml.bz2","/mnt/nfs/dumps/quwikiquote/20260901/quwikiquote-20260901-pages-articles-multistream.xml.bz2",4030,"2026-09-01 19:48:35.710765753 +0000",b28afd20fd685589ed12732770f54b2f6fdd118dcb0695436ed362f0489d0cfe
"/data/project/wdump/links/latest//quwiktionary-latest-pages-articles-multistream.xml.bz2","/mnt/nfs/dumps/quwiktionary/20260901/quwiktionary-20260901-pages-articles-multistream.xml.bz2",277666,"2026-09-01 19:19:27.292870274 +0000",641f1c867ea7accaf877f04431d75c1e97b65570297f8ce3ba9f60ae373d8c8d
"/data/project/wdump/links/latest//readerfeedback_labswikimedia-latest-pages-articles-multistream.xml.bz2","/mnt/nfs/dumps/readerfeedback_labswikimedia/20130311/readerfeedback_labswikimedia-20130311-pages-articles-multistream.xml.bz2",40757695,"2013-03-11 07:09:19.000000000 +0000",a7485fc8a1aaac13eacb218d874f57a90d1710088b11b880de13d76c28d95487
"/data/project/wdump/links/latest//rkiwiki-latest-pages-articles-multistream.xml.bz2","/mnt/nfs/dumps/rkiwiki/20260901/rkiwiki-20260901-pages-articles-multistream.xml.bz2",5569307,"2026-09-01 19:30:45.519713647 +0000",5d474c3ca25a35f40f40007b5758a0871d7d4ecaed56dccae570372b2c48efbb
"/data/project/wdump/links/latest//rmwiki-latest-pages-articles-multistream.xml.bz2","/mnt/nfs/dumps/rmwiki/20260901/rmwiki-20260901-pages-articles-multistream.xml.bz2",8133912,"2026-09-01 19:30:04.131520008 +0000",d49e86de2608e5621b309a2e11e787d40f88b787c6aa4da36228824f2d74fee7
"/data/project/wdump/links/latest//rmwikibooks-latest-pages-articles-multistream.xml.bz2","/mnt/nfs/dumps/rmwikibooks/20260901/rmwikibooks-20260901-pages-articles-multistream.xml.bz2",6528,"2026-09-01 19:30:56.623746225 +0000",e2d144eea123571a64c64c615665131612d7e5a8c6794fbdf6529b73eadf8512
"/data/project/wdump/links/latest//rmwiktionary-latest-pages-articles-multistream.xml.bz2","/mnt/nfs/dumps/rmwiktionary/20260901/rmwiktionary-20260901-pages-articles-multistream.xml.bz2",8916,"2026-09-01 20:05:07.193673179 +0000",9358cceddeb2dfe1c838c02536accfb800763f90d9cc70294f2f83ed391c3e9f
"/data/project/wdump/links/latest//rmywiki-latest-pages-articles-multistream.xml.bz2","/mnt/nfs/dumps/rmywiki/20260901/rmywiki-20260901-pages-articles-multistream.xml.bz2",743024,"2026-09-01 15:54:27.668298618 +0000",b7c66f9d3153b4d0f667351cc1a68e05ae626bc320502a3e663c37827980430d
"/data/project/wdump/links/latest//rnwiki-latest-pages-articles-multistream.xml.bz2","/mnt/nfs/dumps/rnwiki/20260901/rnwiki-20260901-pages-articles-multistream.xml.bz2",1205843,"2026-09-01 15:54:11.860255780 +0000",eac15ce57c3f7119797daf5152f708bf7de8fabfbab32beeb2b6952e34592e4a
"/data/project/wdump/links/latest//rnwiktionary-latest-pages-articles-multistream.xml.bz2","/mnt/nfs/dumps/rnwiktionary/20260901/rnwiktionary-20260901-pages-articles-multistream.xml.bz2",5109,"2026-09-01 15:54:11.320916691 +0000",483b50bf35c6facc9db82bc088272f209b73c0573f41e0bbf61e2229aa7fc6a7
"/data/project/wdump/links/latest//roa_rupwiki-latest-pages-articles-multistream.xml.bz2","/mnt/nfs/dumps/roa_rupwiki/20260901/roa_rupwiki-20260901-pages-articles-multistream.xml.bz2",1665576,"2026-09-01 20:11:47.106853088 +0000",98da6c9964c9f55cedb9b5fff21c515abfb098c47104828f2ea8379cec28f97b
"/data/project/wdump/links/latest//roa_rupwiktionary-latest-pages-articles-multistream.xml.bz2","/mnt/nfs/dumps/roa_rupwiktionary/20260901/roa_rupwiktionary-20260901-pages-articles-multistream.xml.bz2",217706,"2026-09-01 15:54:10.154664058 +0000",274c92c65de0cddedfae224364be1a3401afe80e329e7a67d265e3e53eaa7e31
"/data/project/wdump/links/latest//roa_tarawiki-latest-pages-articles-multistream.xml.bz2","/mnt/nfs/dumps/roa_tarawiki/20260901/roa_tarawiki-20260901-pages-articles-multistream.xml.bz2",7883139,"2026-09-01 15:54:14.966597562 +0000",3ac353e532e6ea5f9a5469f1a11c8658e3d6e400ae68a9ca5824fde17bddb4cc
"/data/project/wdump/links/latest//romdwikimedia-latest-pages-articles-multistream.xml.bz2","/mnt/nfs/dumps/romdwikimedia/20260901/romdwikimedia-20260901-pages-articles-multistream.xml.bz2",49074,"2026-09-01 16:24:08.853653884 +0000",c3b7706429bdbc96ca321cb6b52673e31b4bb7b89266111f1e0e2da50dee3737
"/data/project/wdump/links/latest//rowiki-latest-pages-articles-multistream.xml.bz2","/mnt/nfs/dumps/rowiki/20260901/rowiki-20260901-pages-articles-multistream.xml.bz2",839659603,"2026-09-01 15:13:46.052184396 +0000",11cc3b6077e019e572a238f20ac55d11d1ade5162a5b107631436db3ba8373d6
"/data/project/wdump/links/latest//rowikibooks-latest-pages-articles-multistream.xml.bz2","/mnt/nfs/dumps/rowikibooks/20260901/rowikibooks-20260901-pages-articles-multistream.xml.bz2",2109300,"2026-09-01 16:29:17.241380795 +0000",4263aecbba2c3b26d78e962211b4d5c63ccf9fe18ab7834ab65e0a490566805c
"/data/project/wdump/links/latest//rowikinews-latest-pages-articles-multistream.xml.bz2","/mnt/nfs/dumps/rowikinews/20260901/rowikinews-20260901-pages-articles-multistream.xml.bz2",2134841,"2026-09-01 16:33:55.091762841 +0000",c0397f3793d4fbe6bd82aded0f4d623d536a920ffeda5b1ccd188f2682b9eb64
"/data/project/wdump/links/latest//rowikiquote-latest-pages-articles-multistream.xml.bz2","/mnt/nfs/dumps/rowikiquote/20260901/rowikiquote-20260901-pages-articles-multistream.xml.bz2",1286557,"2026-09-01 15:56:51.091884633 +0000",a2a90cd42c8ca5bc695dfc420752dd36a351d49a83b20742627d53dfbe65cdf0
"/data/project/wdump/links/latest//rowikisource-latest-pages-articles-multistream.xml.bz2","/mnt/nfs/dumps/rowikisource/20260901/rowikisource-20260901-pages-articles-multistream.xml.bz2",53021409,"2026-09-01 16:28:54.330952929 +0000",be74f05065ab5ad0b7fb405ae2b34ec4111d6b7e3b20c5732a821255a7451e1b
"/data/project/wdump/links/latest//rowikivoyage-latest-pages-articles-multistream.xml.bz2","/mnt/nfs/dumps/rowikivoyage/20260901/rowikivoyage-20260901-pages-articles-multistream.xml.bz2",1208953,"2026-09-01 20:03:46.353434908 +0000",26086f657468cf9e92067325c6be7a959b70f58684f90f3b57e895cb43ac1cdf
"/data/project/wdump/links/latest//rowiktionary-latest-pages-articles-multistream.xml.bz2","/mnt/nfs/dumps/rowiktionary/20260901/rowiktionary-20260901-pages-articles-multistream.xml.bz2",32497668,"2026-09-01 15:56:34.252642680 +0000",6f365e6abd99ac2470f95e88ac5cbd7f71b4108d2d997afc924390ca28c8ecde
"/data/project/wdump/links/latest//rskwiki-latest-pages-articles-multistream.xml.bz2","/mnt/nfs/dumps/rskwiki/20260901/rskwiki-20260901-pages-articles-multistream.xml.bz2",3572698,"2026-09-01 20:04:15.973522199 +0000",4337a48d2c7b4e1edeca155700c358478d147c07a5883cf00319c8ca39b416d7
"/data/project/wdump/links/latest//rswikimedia-latest-pages-articles-multistream.xml.bz2","/mnt/nfs/dumps/rswikimedia/20260901/rswikimedia-20260901-pages-articles-multistream.xml.bz2",905265,"2026-09-01 18:07:49.456653367 +0000",e5c4335a112fca455ae88885503d886d5f8f0a73143ce4923822fc9c8a66287c
"/data/project/wdump/links/latest//ruewiki-latest-pages-articles-multistream.xml.bz2","/mnt/nfs/dumps/ruewiki/20260901/ruewiki-20260901-pages-articles-multistream.xml.bz2",11262356,"2026-09-01 15:57:21.747687068 +0000",6b68fcf2baaa83fe3bfa0c4b8a7d899ffe550ae7be3afbc86d89752fa0c5e58b
"/data/project/wdump/links/latest//ruwiki-latest-pages-articles-multistream.xml.bz2","/mnt/nfs/dumps/ruwiki/20260901/ruwiki-20260901-pages-articles-multistream.xml.bz2",6184856270,"2026-09-02 15:48:01.829093287 +0000",df1be519a7520c36e3e318002490da77274adbd1dc4cc086271eaed906871db2
"/data/project/wdump/links/latest//ruwikibooks-latest-pages-articles-multistream.xml.bz2","/mnt/nfs/dumps/ruwikibooks/20260901/ruwikibooks-20260901-pages-articles-multistream.xml.bz2",21708093,"2026-09-01 15:58:19.848930905 +0000",5a7cb38c33e2026ec74b3bfffd3fe8321ec0d84d83b986f1c8c9039f8f770311
"/data/project/wdump/links/latest//ruwikimedia-latest-pages-articles-multistream.xml.bz2","/mnt/nfs/dumps/ruwikimedia/20260901/ruwikimedia-20260901-pages-articles-multistream.xml.bz2",7980104,"2026-09-01 20:08:58.767866739 +0000",61c9ac08661ed15ba2e67757a995e97b6c415330337543a79c70c448e03deb1f
"/data/project/wdump/links/latest//ruwikinews-latest-pages-articles-multistream.xml.bz2","/mnt/nfs/dumps/ruwikinews/20260901/ruwikinews-20260901-pages-articles-multistream.xml.bz2",1233586148,"2026-09-01 15:16:17.751635942 +0000",db8a73bbcbc0d4bfe08050c32b802fde831b0e8b5f9fce3040b3fc13d48cb539
"/data/project/wdump/links/latest//ruwikiquote-latest-pages-articles-multistream.xml.bz2","/mnt/nfs/dumps/ruwikiquote/20260901/ruwikiquote-20260901-pages-articles-multistream.xml.bz2",70068801,"2026-09-01 16:00:35.646980484 +0000",a33cc53f9a177672d5bdb350e54de36da4d37025ec2bf0789ba4ef2695883144
"/data/project/wdump/links/latest//ruwikisource-latest-pages-articles-multistream.xml.bz2","/mnt/nfs/dumps/ruwikisource/20260901/ruwikisource-20260901-pages-articles-multistream.xml.bz2",2110642706,"2026-09-01 20:06:06.115992617 +0000",94dddb694896ae626fae5b7f039053847dbead91c5b255ff4decdcbcad6b9938
"/data/project/wdump/links/latest//ruwikiversity-latest-pages-articles-multistream.xml.bz2","/mnt/nfs/dumps/ruwikiversity/20260901/ruwikiversity-20260901-pages-articles-multistream.xml.bz2",8311930,"2026-09-01 19:44:37.690078203 +0000",4b73f1147a328dafe9bff2a3d2934c535ace3310901a8068ffef0b7c3a0030ad
"/data/project/wdump/links/latest//ruwikivoyage-latest-pages-articles-multistream.xml.bz2","/mnt/nfs/dumps/ruwikivoyage/20260901/ruwikivoyage-20260901-pages-articles-multistream.xml.bz2",30826851,"2026-09-01 19:51:59.746895798 +0000",ec0e90d0e67108bd7b31a696858536d2911082b418d8ff526003a9437015cea0
"/data/project/wdump/links/latest//ruwiktionary-latest-pages-articles-multistream.xml.bz2","/mnt/nfs/dumps/ruwiktionary/20260901/ruwiktionary-20260901-pages-articles-multistream.xml.bz2",402263174,"2026-09-01 18:26:02.017128123 +0000",e7f52efa6f999f1f19b0c21879368a68694dc26dd70273d125cc79c059c37c1c
"/data/project/wdump/links/latest//rwwiki-latest-pages-articles-multistream.xml.bz2","/mnt/nfs/dumps/rwwiki/20260901/rwwiki-20260901-pages-articles-multistream.xml.bz2",13214711,"2026-09-01 17:11:57.906889705 +0000",082bfe0801167b12d74b8a92163bb985fd6b00fbc14b8b0d420afbfa64c3ad06
"/data/project/wdump/links/latest//rwwiktionary-latest-pages-articles-multistream.xml.bz2","/mnt/nfs/dumps/rwwiktionary/20260901/rwwiktionary-20260901-pages-articles-multistream.xml.bz2",200339,"2026-09-01 19:45:15.202186035 +0000",53a358465662eb70f941f9c30516a963540b525939469e96f3fc772ffdc7ebb3
"/data/project/wdump/links/latest//sahwiki-latest-pages-articles-multistream.xml.bz2","/mnt/nfs/dumps/sahwiki/20260901/sahwiki-20260901-pages-articles-multistream.xml.bz2",21093661,"2026-09-01 19:47:51.918638723 +0000",98f7893ffe64a63a74e85d56cbf07c013a610bd23f41ae09b0344a55068eadf8
"/data/project/wdump/links/latest//sahwikiquote-latest-pages-articles-multistream.xml.bz2","/mnt/nfs/dumps/sahwikiquote/20260901/sahwikiquote-20260901-pages-articles-multistream.xml.bz2",614298,"2026-09-01 19:41:28.925067303 +0000",137f4801cf54f8e1f22b3841417316fadfaf2c9f8774356e3d48d8d1a440081c
"/data/project/wdump/links/latest//sahwikisource-latest-pages-articles-multistream.xml.bz2","/mnt/nfs/dumps/sahwikisource/20260901/sahwikisource-20260901-pages-articles-multistream.xml.bz2",1647396,"2026-09-01 19:40:58.820498884 +0000",65167f66f20b60a71f1afc4021547eb6fd827bcbd87c594b141ac849a2507825
"/data/project/wdump/links/latest//satwiki-latest-pages-articles-multistream.xml.bz2","/mnt/nfs/dumps/satwiki/20260901/satwiki-20260901-pages-articles-multistream.xml.bz2",30190820,"2026-09-01 19:43:18.961647171 +0000",08b43114b659aff492e9237e483e95c86312c405bb407469a689badffbeccae4
"/data/project/wdump/links/latest//satwiktionary-latest-pages-articles-multistream.xml.bz2","/mnt/nfs/dumps/satwiktionary/20260901/satwiktionary-20260901-pages-articles-multistream.xml.bz2",2189594,"2026-09-01 19:39:00.513586116 +0000",6e8439a2c462a8b3496c4a67e6c86df392b5b4834c84d19d62e943c2ada58951
"/data/project/wdump/links/latest//sawiki-latest-pages-articles-multistream.xml.bz2","/mnt/nfs/dumps/sawiki/20260901/sawiki-20260901-pages-articles-multistream.xml.bz2",20604529,"2026-09-01 19:41:40.306945263 +0000",f3fa979652ee9b615e6603ed87210e0d817fe9ead8cdd745ec10ab417888d1f4
"/data/project/wdump/links/latest//sawikibooks-latest-pages-articles-multistream.xml.bz2","/mnt/nfs/dumps/sawikibooks/20260901/sawikibooks-20260901-pages-articles-multistream.xml.bz2",5362371,"2026-09-01 19:37:30.321813304 +0000",028ed55273284bd63bea3989764b742388ac9cf0428b553331090d40dd8dd5e6
"/data/project/wdump/links/latest//sawikiquote-latest-pages-articles-multistream.xml.bz2","/mnt/nfs/dumps/sawikiquote/20260901/sawikiquote-20260901-pages-articles-multistream.xml.bz2",2017383,"2026-09-01 19:36:11.860230262 +0000",ce93b9f2d245c3cec0c60fec9717d0d0da63ee89abc931f2a2fdb363e0cec642
"/data/project/wdump/links/latest//sawikisource-latest-pages-articles-multistream.xml.bz2","/mnt/nfs/dumps/sawikisource/20260901/sawikisource-20260901-pages-articles-multistream.xml.bz2",234432542,"2026-09-01 19:42:24.249978911 +0000",36b907efac8c0124a06755bce6a8f45787fd5f53872b9098c4546021a50846b3
"/data/project/wdump/links/latest//sawiktionary-latest-pages-articles-multistream.xml.bz2","/mnt/nfs/dumps/sawiktionary/20260901/sawiktionary-20260901-pages-articles-multistream.xml.bz2",68819818,"2026-09-01 17:12:38.421412092 +0000",0121e79f7e6ab452645e7b1674df0991ff38cdfd82a2c89d8b922f1085d4ad1b
"/data/project/wdump/links/latest//scnwiki-latest-pages-articles-multistream.xml.bz2","/mnt/nfs/dumps/scnwiki/20260901/scnwiki-20260901-pages-articles-multistream.xml.bz2",14204132,"2026-09-01 17:12:44.140319060 +0000",37bc96be166fa6830096f6cb7075c40e34a572b36483fcea0c597c482f58e1bd
"/data/project/wdump/links/latest//scnwiktionary-latest-pages-articles-multistream.xml.bz2","/mnt/nfs/dumps/scnwiktionary/20260901/scnwiktionary-20260901-pages-articles-multistream.xml.bz2",4072077,"2026-09-01 19:30:29.159114019 +0000",3b11ebbeef675c7bb537842b7a8074393ee351ecf554fd85bd89f6488c6db80f
"/data/project/wdump/links/latest//scowiki-latest-pages-articles-multistream.xml.bz2","/mnt/nfs/dumps/scowiki/20260901/scowiki-20260901-pages-articles-multistream.xml.bz2",57244886,"2026-09-01 19:16:00.421199870 +0000",f6054aac93a8a6b75318ede7fd87405880314eadd34d73d8c67dde46e1714934
"/data/project/wdump/links/latest//scwiki-latest-pages-articles-multistream.xml.bz2","/mnt/nfs/dumps/scwiki/20260901/scwiki-20260901-pages-articles-multistream.xml.bz2",8933957,"2026-09-01 16:00:20.168537325 +0000",aa72b7cefe8b016e88d24c7f90a09b150ed4a0e34fc50b589c40c3652891797a
"/data/project/wdump/links/latest//scwiktionary-latest-pages-articles-multistream.xml.bz2","/mnt/nfs/dumps/scwiktionary/20260901/scwiktionary-20260901-pages-articles-multistream.xml.bz2",12481,"2026-09-01 19:34:45.388751709 +0000",d1fbdf5a741a779054eff6f5325eac4972ab519773b3bc0e0a0e5a20d0817860
"/data/project/wdump/links/latest//sdwiki-latest-pages-articles-multistream.xml.bz2","/mnt/nfs/dumps/sdwiki/20260901/sdwiki-20260901-pages-articles-multistream.xml.bz2",54438600,"2026-09-01 16:02:02.941542541 +0000",03a0016cc9e01584126c4989e5c1bd4502521d51caf363396840aa7a098e3767
"/data/project/wdump/links/latest//sdwikinews-latest-pages-articles-multistream.xml.bz2","/mnt/nfs/dumps/sdwikinews/20260901/sdwikinews-20260901-pages-articles-multistream.xml.bz2",398429,"2026-09-01 16:03:37.041801363 +0000",2683f4eccd27aaef6aed8beebd5c462ba79650931b69913388d6dc552a8db34d
"/data/project/wdump/links/latest//sdwiktionary-latest-pages-articles-multistream.xml.bz2","/mnt/nfs/dumps/sdwiktionary/20260901/sdwiktionary-20260901-pages-articles-multistream.xml.bz2",1769567,"2026-09-01 16:03:00.013699469 +0000",12a5dd2b70bec8ed7e952bcc2c1f5d204ccffc946cd461088669669bbb552dc5
"/data/project/wdump/links/latest//sewiki-latest-pages-articles-multistream.xml.bz2","/mnt/nfs/dumps/sewiki/20260901/sewiki-20260901-pages-articles-multistream.xml.bz2",4574144,"2026-09-01 20:09:14.994404114 +0000",baa4db610e672fda90b21ce0ab491aa9e117e3238ea152c7e9de6ed914fa8526
"/data/project/wdump/links/latest//sewikibooks-latest-pages-articles-multistream.xml.bz2","/mnt/nfs/dumps/sewikibooks/20260901/sewikibooks-20260901-pages-articles-multistream.xml.bz2",6481,"2026-09-01 19:25:42.258830221 +0000",6bf3ff16e310e3a50c7fd4838d9059ac9a4a9f4d0a685f4ac6a1794003fb0de5
"/data/project/wdump/links/latest//sewikimedia-latest-pages-articles-multistream.xml.bz2","/mnt/nfs/dumps/sewikimedia/20260901/sewikimedia-20260901-pages-articles-multistream.xml.bz2",11408447,"2026-09-01 16:03:05.073713390 +0000",7fc011dd4348a5d42468cbbd41ff9fef20a351feac39a1556804d75eb597ed27
"/data/project/wdump/links/latest//sgwiki-latest-pages-articles-multistream.xml.bz2","/mnt/nfs/dumps/sgwiki/20260901/sgwiki-20260901-pages-articles-multistream.xml.bz2",584506,"2026-09-01 16:04:29.913218874 +0000",f09eff7394e71eef310f3f7303cee4ac90b9825478d3ea177b73f987db7fb7e6
"/data/project/wdump/links/latest//sgwiktionary-latest-pages-articles-multistream.xml.bz2","/mnt/nfs/dumps/sgwiktionary/20260901/sgwiktionary-20260901-pages-articles-multistream.xml.bz2",21809838,"2026-09-01 16:07:01.510162836 +0000",7d7f23043c4986ea72e4a5afe258548891c51ac0f8c9bca9289b2fa73ebcd201
"/data/project/wdump/links/latest//shiwiki-latest-pages-articles-multistream.xml.bz2","/mnt/nfs/dumps/shiwiki/20260901/shiwiki-20260901-pages-articles-multistream.xml.bz2",5615313,"2026-09-01 16:04:48.909999293 +0000",8b06cbcba22ec5898bc6ec7dfba2c8f2a3877e6a0510b0f9e7b8c32cb52690f3
"/data/project/wdump/links/latest//shnwiki-latest-pages-articles-multistream.xml.bz2","/mnt/nfs/dumps/shnwiki/20260901/shnwiki-20260901-pages-articles-multistream.xml.bz2",19817139,"2026-09-01 16:12:02.383383282 +0000",f790105d7744409bf20595f99a66b651cc695f11e42b8f4a9d4ac7356ab69408
"/data/project/wdump/links/latest//shnwikibooks-latest-pages-articles-multistream.xml.bz2","/mnt/nfs/dumps/shnwikibooks/20260901/shnwikibooks-20260901-pages-articles-multistream.xml.bz2",2686412,"2026-09-01 19:03:01.399444599 +0000",8c10ef49e51e4ac4e0e98817028442210a2df116fe10623a235faa48fea022fc
"/data/project/wdump/links/latest//shnwikinews-latest-pages-articles-multistream.xml.bz2","/mnt/nfs/dumps/shnwikinews/20260901/shnwikinews-20260901-pages-articles-multistream.xml.bz2",1204630,"2026-09-01 20:22:35.831873279 +0000",743211917596220d06a862472f28e92e576913b8d01558e0e3f271c674ba05b7
"/data/project/wdump/links/latest//shnwikivoyage-latest-pages-articles-multistream.xml.bz2","/mnt/nfs/dumps/shnwikivoyage/20260901/shnwikivoyage-20260901-pages-articles-multistream.xml.bz2",2446686,"2026-09-01 19:59:54.328751732 +0000",8bd4a24f8c88165755fa1156fae9e0beb1f0b49d19a464f1834fbe83b5dead28
"/data/project/wdump/links/latest//shnwiktionary-latest-pages-articles-multistream.xml.bz2","/mnt/nfs/dumps/shnwiktionary/20260901/shnwiktionary-20260901-pages-articles-multistream.xml.bz2",12427190,"2026-09-01 16:11:47.431597484 +0000",7db930e40c6d0b92b6b2c232eb8aef3d69a622095c15d3fcb55f15fdd8b3d2d2
"/data/project/wdump/links/latest//shwiki-latest-pages-articles-multistream.xml.bz2","/mnt/nfs/dumps/shwiki/20260901/shwiki-20260901-pages-articles-multistream.xml.bz2",503190583,"2026-09-01 18:10:19.487441744 +0000",72d146630f24cfb997f1cf5567a085ddef61105041ead38cfe8b13b778ca6c39
"/data/project/wdump/links/latest//shwiktionary-latest-pages-articles-multistream.xml.bz2","/mnt/nfs/dumps/shwiktionary/20260901/shwiktionary-20260901-pages-articles-multistream.xml.bz2",89050263,"2026-09-01 16:22:06.473616461 +0000",6e86d966ca985ee2651cb34a8216df33f404b68b521118ca9523405e9ea3e7f4
"/data/project/wdump/links/latest//shywiktionary-latest-pages-articles-multistream.xml.bz2","/mnt/nfs/dumps/shywiktionary/20260901/shywiktionary-20260901-pages-articles-multistream.xml.bz2",664800,"2026-09-01 16:12:55.664710949 +0000",a740d771b6361e6dcc1f6cb1a09a6053f6198a201ba23307caa7f5859e28b175
"/data/project/wdump/links/latest//simplewiki-latest-pages-articles-multistream.xml.bz2","/mnt/nfs/dumps/simplewiki/20260901/simplewiki-20260901-pages-articles-multistream.xml.bz2",385846687,"2026-09-01 20:31:35.068268010 +0000",a16e59b4699c13a844e995cf7c6d0ba1d93dd61ed5f1e0e830fefd7eb90b6de4
"/data/project/wdump/links/latest//simplewikibooks-latest-pages-articles-multistream.xml.bz2","/mnt/nfs/dumps/simplewikibooks/20260901/simplewikibooks-20260901-pages-articles-multistream.xml.bz2",462561,"2026-09-01 16:14:18.667931486 +0000",bcf1c049ca6253bc3b17af0c72338a26aef46d02ca364a1b2287a063f54b7236
"/data/project/wdump/links/latest//simplewikiquote-latest-pages-articles-multistream.xml.bz2","/mnt/nfs/dumps/simplewikiquote/20260901/simplewikiquote-20260901-pages-articles-multistream.xml.bz2",1574155,"2026-09-01 16:16:53.096515238 +0000",e590ac9d08594bf4bf2f27a1ccb0592b00133b7f64c9954f09e9fbd22be265a4
"/data/project/wdump/links/latest//simplewiktionary-latest-pages-articles-multistream.xml.bz2","/mnt/nfs/dumps/simplewiktionary/20260901/simplewiktionary-20260901-pages-articles-multistream.xml.bz2",10050391,"2026-09-01 16:15:31.766082776 +0000",45c41ece0f51825570a524e55f543f615db2f1680f385bc437780bb0fa92b53f
"/data/project/wdump/links/latest//siwiki-latest-pages-articles-multistream.xml.bz2","/mnt/nfs/dumps/siwiki/20260901/siwiki-20260901-pages-articles-multistream.xml.bz2",87178956,"2026-09-01 20:25:07.779365825 +0000",eaa269ed9f0c995e31edf7fc72d17c32daadc967cd038a7353de5b40a51aed21
"/data/project/wdump/links/latest//siwikibooks-latest-pages-articles-multistream.xml.bz2","/mnt/nfs/dumps/siwikibooks/20260901/siwikibooks-20260901-pages-articles-multistream.xml.bz2",21298776,"2026-09-01 16:16:44.508483640 +0000",c28b32ac25ccf5df7446e20cc91639d8875430df25b1609689020b7439110fc8
"/data/project/wdump/links/latest//siwiktionary-latest-pages-articles-multistream.xml.bz2","/mnt/nfs/dumps/siwiktionary/20260901/siwiktionary-20260901-pages-articles-multistream.xml.bz2",26429976,"2026-09-01 19:25:49.938852411 +0000",3c15721558384a45105eee065924e1f2d329da0f3ee9860ffafa6567955e8275
"/data/project/wdump/links/latest//skrwiki-latest-pages-articles-multistream.xml.bz2","/mnt/nfs/dumps/skrwiki/20260901/skrwiki-20260901-pages-articles-multistream.xml.bz2",27069832,"2026-09-01 19:10:44.636392555 +0000",b1bc4e6e254803d340cd2089e3d6a119105e0a80e3e6e9fb3ea409207755418e
"/data/project/wdump/links/latest//skrwiktionary-latest-pages-articles-multistream.xml.bz2","/mnt/nfs/dumps/skrwiktionary/20260901/skrwiktionary-20260901-pages-articles-multistream.xml.bz2",20633585,"2026-09-01 16:19:34.093092235 +0000",ae11753457657d05172433c4a0c9e4b442ca5a92591476aa4739729b209c060b
"/data/project/wdump/links/latest//skwiki-latest-pages-articles-multistream.xml.bz2","/mnt/nfs/dumps/skwiki/20260901/skwiki-20260901-pages-articles-multistream.xml.bz2",381509135,"2026-09-01 18:09:58.841020659 +0000",9a3b4227c5817ea35530b1913084356ffeb2f8fbbbb4b65de068a2a2f3d06e50
"/data/project/wdump/links/latest//skwikibooks-latest-pages-articles-multistream.xml.bz2","/mnt/nfs/dumps/skwikibooks/20260901/skwikibooks-20260901-pages-articles-multistream.xml.bz2",1926939,"2026-09-01 16:18:33.748879148 +0000",508a482fbcef1b30fc39af4289102b2d44c273a6479fd79b96c6c8e9f5e5541a
"/data/project/wdump/links/latest//skwikiquote-latest-pages-articles-multistream.xml.bz2","/mnt/nfs/dumps/skwikiquote/20260901/skwikiquote-20260901-pages-articles-multistream.xml.bz2",2709329,"2026-09-01 16:20:08.849061810 +0000",1a2aef4c2184f60e7dc5fd677c24513fb037e1dacf8c922101233876a7e772a8
"/data/project/wdump/links/latest//skwikisource-latest-pages-articles-multistream.xml.bz2","/mnt/nfs/dumps/skwikisource/20260901/skwikisource-20260901-pages-articles-multistream.xml.bz2",1523589,"2026-09-01 19:05:42.891728866 +0000",baf7f6c9c9d44663f8b7f1f8a7fa7f98600ae234e1ce0df1f2f85e08e31c072e
"/data/project/wdump/links/latest//skwiktionary-latest-pages-articles-multistream.xml.bz2","/mnt/nfs/dumps/skwiktionary/20260901/skwiktionary-20260901-pages-articles-multistream.xml.bz2",6884774,"2026-09-01 19:41:47.927729249 +0000",1ae0a59abdedd627406a0b830e7b2152647dfb9f1dfbd6c03a26e36333f474c8
"/data/project/wdump/links/latest//slwiki-latest-pages-articles-multistream.xml.bz2","/mnt/nfs/dumps/slwiki/20260901/slwiki-20260901-pages-articles-multistream.xml.bz2",380183151,"2026-09-01 16:30:53.387331305 +0000",5f92dd41acbebc8b97e9d05945bd9b7ad6581a1c0d33cd304da6181976bb0ed8
"/data/project/wdump/links/latest//slwikibooks-latest-pages-articles-multistream.xml.bz2","/mnt/nfs/dumps/slwikibooks/20260901/slwikibooks-20260901-pages-articles-multistream.xml.bz2",2287443,"2026-09-01 20:26:58.147728263 +0000",f1d8f25cac5f563658da8cc71e29f43b5b5b5dbc1e5ca5b9918adfa35a15aebe
"/data/project/wdump/links/latest//slwikiquote-latest-pages-articles-multistream.xml.bz2","/mnt/nfs/dumps/slwikiquote/20260901/slwikiquote-20260901-pages-articles-multistream.xml.bz2",2007637,"2026-09-01 19:37:10.748817024 +0000",9c019889ae927701a52faf7d31d9a1fd8d12deafc2b47a49e4996e9a538fc2e9
"/data/project/wdump/links/latest//slwikisource-latest-pages-articles-multistream.xml.bz2","/mnt/nfs/dumps/slwikisource/20260901/slwikisource-20260901-pages-articles-multistream.xml.bz2",135132150,"2026-09-01 20:29:20.573176482 +0000",0879c6fcf92c3ed94342d5ee7f095cc61f7f69744422e889253a45b47c90243b
"/data/project/wdump/links/latest//slwikiversity-latest-pages-articles-multistream.xml.bz2","/mnt/nfs/dumps/slwikiversity/20260901/slwikiversity-20260901-pages-articles-multistream.xml.bz2",6224249,"2026-09-01 19:13:36.951087397 +0000",bddb55cdf1bc3f1e697126e4d6996e799f3547fb0ecd362de8331854ff635d79
"/data/project/wdump/links/latest//slwiktionary-latest-pages-articles-multistream.xml.bz2","/mnt/nfs/dumps/slwiktionary/20260901/slwiktionary-20260901-pages-articles-multistream.xml.bz2",4468766,"2026-09-01 17:12:57.923072387 +0000",9bc4164cf79aac9d81540a74c9b2e572f12ccde481f3759228ae4a296d3473a9
"/data/project/wdump/links/latest//smnwiki-latest-pages-articles-multistream.xml.bz2","/mnt/nfs/dumps/smnwiki/20260901/smnwiki-20260901-pages-articles-multistream.xml.bz2",9635881,"2026-09-01 19:37:58.668949477 +0000",0938d339077a985b555d914cba47929ad304e853730ea054f880d6f464935d4e
"/data/project/wdump/links/latest//smwiki-latest-pages-articles-multistream.xml.bz2","/mnt/nfs/dumps/smwiki/20260901/smwiki-20260901-pages-articles-multistream.xml.bz2",2758789,"2026-09-01 17:13:12.429851064 +0000",a0f3a97b3345c1832757cad8f0ddb520cbdcea58c09604437667d7d0f4ee0d0d
"/data/project/wdump/links/latest//smwiktionary-latest-pages-articles-multistream.xml.bz2","/mnt/nfs/dumps/smwiktionary/20260901/smwiktionary-20260901-pages-articles-multistream.xml.bz2",616736,"2026-09-01 20:18:16.564712865 +0000",5f6778b94093f7e42c0185824dddc58f358b0fa2f735807d49c5bc841b1bee87
"/data/project/wdump/links/latest//snwiki-latest-pages-articles-multistream.xml.bz2","/mnt/nfs/dumps/snwiki/20260901/snwiki-20260901-pages-articles-multistream.xml.bz2",5825107,"2026-09-01 19:57:30.724329604 +0000",e9ba484c7202db74683b4fb87caee26006ceb04e676b3768bae253318af94494
"/data/project/wdump/links/latest//snwiktionary-latest-pages-articles-multistream.xml.bz2","/mnt/nfs/dumps/snwiktionary/20260901/snwiktionary-20260901-pages-articles-multistream.xml.bz2",46858,"2026-09-01 20:27:51.136716075 +0000",cd8f425efc7331d846fe62bdc4ee51ef6e6afda55ae5be7cde7514ddaa794e2e
"/data/project/wdump/links/latest//sourceswiki-latest-pages-articles-multistream.xml.bz2","/mnt/nfs/dumps/sourceswiki/20260901/sourceswiki-20260901-pages-articles-multistream.xml.bz2",216784400,"2026-09-01 20:28:10.395482623 +0000",7633833fd5700c822ecc4165d36b2e87475b319c2a3fec8db722603beebe9ce5
"/data/project/wdump/links/latest//sowiki-latest-pages-articles-multistream.xml.bz2","/mnt/nfs/dumps/sowiki/20260901/sowiki-20260901-pages-articles-multistream.xml.bz2",23342457,"2026-09-01 20:25:30.712025567 +0000",3540ae75912fe59a4296ece5c6f6265703e2f44d8dfaaf5b9ed6ca2416521a14
"/data/project/wdump/links/latest//sowiktionary-latest-pages-articles-multistream.xml.bz2","/mnt/nfs/dumps/sowiktionary/20260901/sowiktionary-20260901-pages-articles-multistream.xml.bz2",1292871,"2026-09-01 20:24:58.027141665 +0000",05e375b97e36c213ed84823a8ba2b204db7134f49240b58d937539c8e32632e3
"/data/project/wdump/links/latest//specieswiki-latest-pages-articles-multistream.xml.bz2","/mnt/nfs/dumps/specieswiki/20260901/specieswiki-20260901-pages-articles-multistream.xml.bz2",399141186,"2026-09-01 14:51:39.978771674 +0000",72cb60493d32ad90b14719a291e3f6d981f56bda45454f0dc040ef48f2936e52
"/data/project/wdump/links/latest//sqwiki-latest-pages-articles-multistream.xml.bz2","/mnt/nfs/dumps/sqwiki/20260901/sqwiki-20260901-pages-articles-multistream.xml.bz2",169568658,"2026-09-01 16:29:51.028912684 +0000",5676fdabbd5961e5d3406f93a89783a6ad175b52792e8ce304e8460b6540a42d
"/data/project/wdump/links/latest//sqwikibooks-latest-pages-articles-multistream.xml.bz2","/mnt/nfs/dumps/sqwikibooks/20260901/sqwikibooks-20260901-pages-articles-multistream.xml.bz2",9278957,"2026-09-01 20:25:39.393311598 +0000",9f4d02bd5cef0a6af26adc0fd641f914fd7a6bf8dbc745cdbffe04ef35e52462
"/data/project/wdump/links/latest//sqwikinews-latest-pages-articles-multistream.xml.bz2","/mnt/nfs/dumps/sqwikinews/20260901/sqwikinews-20260901-pages-articles-multistream.xml.bz2",868967,"2026-09-01 19:22:27.565022211 +0000",dd3df3137424ef8d382f1a70249c0c886f9330be8b8906c2fb20c2abc60edb26
"/data/project/wdump/links/latest//sqwikiquote-latest-pages-articles-multistream.xml.bz2","/mnt/nfs/dumps/sqwikiquote/20260901/sqwikiquote-20260901-pages-articles-multistream.xml.bz2",842020,"2026-09-01 19:25:42.616525296 +0000",ae82161cd49895a63dbd9d25484354a2bcd44166cade2b7f20a1ce9e0c43eb17
"/data/project/wdump/links/latest//sqwiktionary-latest-pages-articles-multistream.xml.bz2","/mnt/nfs/dumps/sqwiktionary/20260901/sqwiktionary-20260901-pages-articles-multistream.xml.bz2",8879694,"2026-09-01 16:23:03.610558062 +0000",07f93a9cd010c0af5edf7bc19eff4092cdd056d3a50bbcc9ca2b9f2f14576cf8
"/data/project/wdump/links/latest//srnwiki-latest-pages-articles-multistream.xml.bz2","/mnt/nfs/dumps/srnwiki/20260901/srnwiki-20260901-pages-articles-multistream.xml.bz2",625182,"2026-09-01 20:04:42.221599564 +0000",c5861aa543e48c6717765534fa67339696ac3059b17d428870c7c57c9ba67653
"/data/project/wdump/links/latest//srwiki-latest-pages-articles-multistream.xml.bz2","/mnt/nfs/dumps/srwiki/20260901/srwiki-20260901-pages-articles-multistream.xml.bz2",1238660290,"2026-09-01 18:34:25.861949926 +0000",3b50f5eb84240bfeb6b242d34ad26b9b01cefe0b3f458be45b15ffd994b95632
"/data/project/wdump/links/latest//srwikibooks-latest-pages-articles-multistream.xml.bz2","/mnt/nfs/dumps/srwikibooks/20260901/srwikibooks-20260901-pages-articles-multistream.xml.bz2",2400213,"2026-09-01 20:09:29.506446938 +0000",754ee32591961be802cd3e636a5b24b8efb81c02354c0c721c8e2ffb13c9020c
"/data/project/wdump/links/latest//srwikinews-latest-pages-articles-multistream.xml.bz2","/mnt/nfs/dumps/srwikinews/20260901/srwikinews-20260901-pages-articles-multistream.xml.bz2",30584399,"2026-09-01 19:43:08.481822700 +0000",b58059f0cc42fb24f2bf7fb659c8b9e76bcac9590e9567edde703bd4a57fc2b4
"/data/project/wdump/links/latest//srwikiquote-latest-pages-articles-multistream.xml.bz2","/mnt/nfs/dumps/srwikiquote/20260901/srwikiquote-20260901-pages-articles-multistream.xml.bz2",5100570,"2026-09-01 17:15:23.282684222 +0000",cb91b2b1d84110be0c0720680e3cb0ce813dd7fe88e12c9f764db82d6e247e0e
"/data/project/wdump/links/latest//srwikisource-latest-pages-articles-multistream.xml.bz2","/mnt/nfs/dumps/srwikisource/20260901/srwikisource-20260901-pages-articles-multistream.xml.bz2",52901208,"2026-09-01 17:15:51.723601384 +0000",22c98d05ca15ff908bf0d0cf399ac6a8125c8056489c7a66026b64ff07ce7f3b
"/data/project/wdump/links/latest//srwiktionary-latest-pages-articles-multistream.xml.bz2","/mnt/nfs/dumps/srwiktionary/20260901/srwiktionary-20260901-pages-articles-multistream.xml.bz2",71982863,"2026-09-01 20:06:00.761831122 +0000",55d9b6a951e991c99baff038af6a1ac58de09d49c0f9f76792b7359ad018c7c0
"/data/project/wdump/links/latest//sswiki-latest-pages-articles-multistream.xml.bz2","/mnt/nfs/dumps/sswiki/20260901/sswiki-20260901-pages-articles-multistream.xml.bz2",1735150,"2026-09-01 17:14:08.049106421 +0000",b446862c25b6418768571cb922c619ef91c08e8226f6662bb6981fb443ef0bbd
"/data/project/wdump/links/latest//sswiktionary-latest-pages-articles-multistream.xml.bz2","/mnt/nfs/dumps/sswiktionary/20260901/sswiktionary-20260901-pages-articles-multistream.xml.bz2",204017,"2026-09-01 19:12:51.180980176 +0000",093c378c49d2e06cebbc4a812c1ec900e75a5e6b2360dfd05c273f73e4eb2fdc
"/data/project/wdump/links/latest//stqwiki-latest-pages-articles-multistream.xml.bz2","/mnt/nfs/dumps/stqwiki/20260901/stqwiki-20260901-pages-articles-multistream.xml.bz2",4087159,"2026-09-01 16:25:31.736110282 +0000",fb311cd16cfa58df1373f76ddce6d1f0af0a51ced3bbab2a59ecef592893eba1
"/data/project/wdump/links/latest//strategywiki-latest-pages-articles-multistream.xml.bz2","/mnt/nfs/dumps/strategywiki/20260901/strategywiki-20260901-pages-articles-multistream.xml.bz2",7076332,"2026-09-01 16:24:26.513183113 +0000",5760fa47806b6ffa4b2437096e23f381e05bc2d210dca5c66b58cb81f17d0727
"/data/project/wdump/links/latest//stwiki-latest-pages-articles-multistream.xml.bz2","/mnt/nfs/dumps/stwiki/20260901/stwiki-20260901-pages-articles-multistream.xml.bz2",3832769,"2026-09-01 16:24:24.666078178 +0000",19ce3be50b963b473bfb70d488acb29d1abc8f9b640905443dea52d3f725b68d
"/data/project/wdump/links/latest//stwiktionary-latest-pages-articles-multistream.xml.bz2","/mnt/nfs/dumps/stwiktionary/20260901/stwiktionary-20260901-pages-articles-multistream.xml.bz2",305960,"2026-09-01 16:24:56.426182807 +0000",83e61c6b96a2c7083a5b4dce351641caef54da84fdf383d30b8a562d8012cc04
"/data/project/wdump/links/latest//suwiki-latest-pages-articles-multistream.xml.bz2","/mnt/nfs/dumps/suwiki/20260901/suwiki-20260901-pages-articles-multistream.xml.bz2",35453248,"2026-09-01 18:06:00.892348213 +0000",c6b47f16ee799ea7c454f2215a4f1901c0e47c2a67c06fb910a9e6e51319a9d7
"/data/project/wdump/links/latest//suwikibooks-latest-pages-articles-multistream.xml.bz2","/mnt/nfs/dumps/suwikibooks/20260901/suwikibooks-20260901-pages-articles-multistream.xml.bz2",29644,"2026-09-01 16:25:48.982354889 +0000",16c3fbfc058b965e67678786f815699eafbbed3ff3aa76f1870efba4d1f4c2c5
"/data/project/wdump/links/latest//suwikiquote-latest-pages-articles-multistream.xml.bz2","/mnt/nfs/dumps/suwikiquote/20260901/suwikiquote-20260901-pages-articles-multistream.xml.bz2",985523,"2026-09-01 19:37:54.533175296 +0000",25d938f93ec20c8cdf571f68b816c96d5ff6a0a334a63d80867886fcf385969d
"/data/project/wdump/links/latest//suwikisource-latest-pages-articles-multistream.xml.bz2","/mnt/nfs/dumps/suwikisource/20260901/suwikisource-20260901-pages-articles-multistream.xml.bz2",7012040,"2026-09-01 19:37:58.685181949 +0000",eb0cb778e4f084e12f2b868927aed317c985d52d2bc0886c69a63e40f70d9f6d
"/data/project/wdump/links/latest//suwiktionary-latest-pages-articles-multistream.xml.bz2","/mnt/nfs/dumps/suwiktionary/20260901/suwiktionary-20260901-pages-articles-multistream.xml.bz2",1439935,"2026-09-01 16:26:48.666548858 +0000",3b7e5f660779ac4afe814408ef7be7e15a52e824e4ff19d63f0b3b0c41290b18
"/data/project/wdump/links/latest//svwiki-latest-pages-articles-multistream.xml.bz2","/mnt/nfs/dumps/svwiki/20260901/svwiki-20260901-pages-articles-multistream.xml.bz2",1791375795,"2026-09-01 15:49:31.856491760 +0000",a05a78f226b3f54c45ddc5a161a1d313b7c6b4f914300c2be0042cf1b1d7d51f
"/data/project/wdump/links/latest//svwikibooks-latest-pages-articles-multistream.xml.bz2","/mnt/nfs/dumps/svwikibooks/20260901/svwikibooks-20260901-pages-articles-multistream.xml.bz2",4011981,"2026-09-01 16:26:20.247310627 +0000",42f0a32bfd934f6ebe013f941ae9fadc2a1a1f99d2822a2b0da3a6428b2d9fe8
"/data/project/wdump/links/latest//svwikinews-latest-pages-articles-multistream.xml.bz2","/mnt/nfs/dumps/svwikinews/20260901/svwikinews-20260901-pages-articles-multistream.xml.bz2",2726545,"2026-09-01 19:37:41.764902656 +0000",065d1f5db2cddac599abd064e29312d8b1eb97852bd5549d3d24b988c1ef8b54
"/data/project/wdump/links/latest//svwikiquote-latest-pages-articles-multistream.xml.bz2","/mnt/nfs/dumps/svwikiquote/20260901/svwikiquote-20260901-pages-articles-multistream.xml.bz2",1949800,"2026-09-01 17:14:36.444725660 +0000",2bb5faf270c1d64bd79227da152c2b976d21fb690800644b0eafb4bb8c511008
"/data/project/wdump/links/latest//svwikisource-latest-pages-articles-multistream.xml.bz2","/mnt/nfs/dumps/svwikisource/20260901/svwikisource-20260901-pages-articles-multistream.xml.bz2",135687457,"2026-09-01 17:18:31.552087185 +0000",859b452350583a8d127bffbc84a64734d75fb0384b377374fa4e333f933c2b03
"/data/project/wdump/links/latest//svwikiversity-latest-pages-articles-multistream.xml.bz2","/mnt/nfs/dumps/svwikiversity/20260901/svwikiversity-20260901-pages-articles-multistream.xml.bz2",1180199,"2026-09-01 20:04:42.749601121 +0000",304ac110bf11d3ae1626c27eaa51fdcec4f324640c23c528bfb8a82f63340d9b
"/data/project/wdump/links/latest//svwikivoyage-latest-pages-articles-multistream.xml.bz2","/mnt/nfs/dumps/svwikivoyage/20260901/svwikivoyage-20260901-pages-articles-multistream.xml.bz2",2837209,"2026-09-01 20:02:15.005165803 +0000",c42a24d156036eee1eeec7c94812a725989a27c624a9b87812d2edd006081455
"/data/project/wdump/links/latest//svwiktionary-latest-pages-articles-multistream.xml.bz2","/mnt/nfs/dumps/svwiktionary/20260901/svwiktionary-20260901-pages-articles-multistream.xml.bz2",113174461,"2026-09-01 20:20:11.940344080 +0000",7b01c735ce2968481810f178c75c118cd094d5f614e0fc043354c683bdc3edca
"/data/project/wdump/links/latest//swwiki-latest-pages-articles-multistream.xml.bz2","/mnt/nfs/dumps/swwiki/20260901/swwiki-20260901-pages-articles-multistream.xml.bz2",78434205,"2026-09-01 20:16:25.448543731 +0000",f918fc0c20cbb53bd2d11b6ecc8295412bad3405b40ea0b3fe41ab9590a03e7d
"/data/project/wdump/links/latest//swwikibooks-latest-pages-articles-multistream.xml.bz2","/mnt/nfs/dumps/swwikibooks/20260901/swwikibooks-20260901-pages-articles-multistream.xml.bz2",73589,"2026-09-01 19:58:31.028506789 +0000",5fc50be8385b928eb0da9c00d9202bcc66aa04a64fd00fa1dd2c6bd625747052
"/data/project/wdump/links/latest//swwiktionary-latest-pages-articles-multistream.xml.bz2","/mnt/nfs/dumps/swwiktionary/20260901/swwiktionary-20260901-pages-articles-multistream.xml.bz2",13195167,"2026-09-01 20:04:54.307479418 +0000",58b81d61cb21f7444b3f254512652a0bce4fad34aa55261821bb1f0064d3889b
"/data/project/wdump/links/latest//sylwiki-latest-pages-articles-multistream.xml.bz2","/mnt/nfs/dumps/sylwiki/20260901/sylwiki-20260901-pages-articles-multistream.xml.bz2",2080416,"2026-09-01 18:04:48.920759715 +0000",40a8e09d4ab90f1b8334b8b0e347a6b920ee0272e17a184deff26848735a6607
"/data/project/wdump/links/latest//szlwiki-latest-pages-articles-multistream.xml.bz2","/mnt/nfs/dumps/szlwiki/20260901/szlwiki-20260901-pages-articles-multistream.xml.bz2",16961548,"2026-09-01 19:26:12.422917437 +0000",aaf13825dbba800bfbc655dd5e9b9c0e6e57bd6849fd979ec6f4dcd77c723d68
"/data/project/wdump/links/latest//szywiki-latest-pages-articles-multistream.xml.bz2","/mnt/nfs/dumps/szywiki/20260901/szywiki-20260901-pages-articles-multistream.xml.bz2",6251881,"2026-09-01 19:29:34.171632315 +0000",444716b4e9c80f9c84e7e89c17a22d04ecf9a107539a896893e457bebe572d70
"/data/project/wdump/links/latest//tawiki-latest-pages-articles-multistream.xml.bz2","/mnt/nfs/dumps/tawiki/20260901/tawiki-20260901-pages-articles-multistream.xml.bz2",285826151,"2026-09-01 11:06:30.001952205 +0000",2412112aa4df1638f6deaab57adbcb57338b2ff4a3d0641f34844c4cbc337f6d
"/data/project/wdump/links/latest//tawikibooks-latest-pages-articles-multistream.xml.bz2","/mnt/nfs/dumps/tawikibooks/20260901/tawikibooks-20260901-pages-articles-multistream.xml.bz2",1118697,"2026-09-01 12:01:39.226014400 +0000",8b69efb28249622c62eabbc3fc5282eae320cb05ea674e96c9e67a14b24a23dc
"/data/project/wdump/links/latest//tawikinews-latest-pages-articles-multistream.xml.bz2","/mnt/nfs/dumps/tawikinews/20260901/tawikinews-20260901-pages-articles-multistream.xml.bz2",3849927,"2026-09-01 11:17:40.552592184 +0000",7274721127fe10c475203de0f5d6ab495716c2290c0b8df663716c7866fe80f7
"/data/project/wdump/links/latest//tawikiquote-latest-pages-articles-multistream.xml.bz2","/mnt/nfs/dumps/tawikiquote/20260901/tawikiquote-20260901-pages-articles-multistream.xml.bz2",1468312,"2026-09-01 11:19:16.048783291 +0000",6a086d7831d3f64653bcaaadec2a355c77b2e4d1af81f73454050fe7179013e6
"/data/project/wdump/links/latest//tawikisource-latest-pages-articles-multistream.xml.bz2","/mnt/nfs/dumps/tawikisource/20260901/tawikisource-20260901-pages-articles-multistream.xml.bz2",326655380,"2026-09-01 12:05:54.166752266 +0000",a9bd8b5607ec1af275c8b577fe279a2ed06d123261ad0a0aa0d1fe3fef75bdd7
"/data/project/wdump/links/latest//tawiktionary-latest-pages-articles-multistream.xml.bz2","/mnt/nfs/dumps/tawiktionary/20260901/tawiktionary-20260901-pages-articles-multistream.xml.bz2",47666869,"2026-09-01 12:03:11.860956966 +0000",ad3a24f94bc557e24ca9a8859d77e2a392fc637373ba9bcbcfa4e5eedd115155
"/data/project/wdump/links/latest//taywiki-latest-pages-articles-multistream.xml.bz2","/mnt/nfs/dumps/taywiki/20260901/taywiki-20260901-pages-articles-multistream.xml.bz2",1838839,"2026-09-01 12:07:48.362363936 +0000",65793f5e7a264f675fbc88ef11b19a871aeac0f1754ef93504eb2976dc4fa7c9
"/data/project/wdump/links/latest//tcywiki-latest-pages-articles-multistream.xml.bz2","/mnt/nfs/dumps/tcywiki/20260901/tcywiki-20260901-pages-articles-multistream.xml.bz2",14615258,"2026-09-01 14:12:52.764217520 +0000",b970da37842e8cc0abcce7e1ae80baa59a56fbfc08376a51b55134175ebb9b77
"/data/project/wdump/links/latest//tcywikisource-latest-pages-articles-multistream.xml.bz2","/mnt/nfs/dumps/tcywikisource/20260901/tcywikisource-20260901-pages-articles-multistream.xml.bz2",2626612,"2026-09-01 12:54:06.119997507 +0000",6c3c9e43a2365d797a299a280355d92e58f92a114f1e6a0d8b8f95a845dd7c94
"/data/project/wdump/links/latest//tcywiktionary-latest-pages-articles-multistream.xml.bz2","/mnt/nfs/dumps/tcywiktionary/20260901/tcywiktionary-20260901-pages-articles-multistream.xml.bz2",1174594,"2026-09-01 14:29:14.738004589 +0000",2091a89de8ac63fae749c9f89e9a035126511d26d491233e14a5345a50e08261
"/data/project/wdump/links/latest//tddwiki-latest-pages-articles-multistream.xml.bz2","/mnt/nfs/dumps/tddwiki/20260901/tddwiki-20260901-pages-articles-multistream.xml.bz2",2885792,"2026-09-01 14:29:17.258454065 +0000",e3c01961cddbff5b079d2dfec6141c74fe206bbe2f474c0392aeae55c9bc72df
"/data/project/wdump/links/latest//tenwiki-latest-pages-articles-multistream.xml.bz2","/mnt/nfs/dumps/tenwiki/20260901/tenwiki-20260901-pages-articles-multistream.xml.bz2",654071,"2026-09-01 12:47:30.129812706 +0000",024aba9f81a4fc9fd5f68f820e9efaf0295bcdc6188fd58c05366cec10dc813a
"/data/project/wdump/links/latest//test2wiki-latest-pages-articles-multistream.xml.bz2","/mnt/nfs/dumps/test2wiki/20260901/test2wiki-20260901-pages-articles-multistream.xml.bz2",10666421,"2026-09-01 14:31:01.718169171 +0000",ad54bf852d9966061d43f4e8076ddec2627e865e9940734843c69893e25b8d13
"/data/project/wdump/links/latest//testcommonswiki-latest-pages-articles-multistream.xml.bz2","/mnt/nfs/dumps/testcommonswiki/20260901/testcommonswiki-20260901-pages-articles-multistream.xml.bz2",47199,"2026-09-01 14:29:35.030477966 +0000",b0483e3862ed0f78c8ef8fccb231bf3039a7203a8b0092e5e1a296a55d2e8799
"/data/project/wdump/links/latest//testwiki-latest-pages-articles-multistream.xml.bz2","/mnt/nfs/dumps/testwiki/20260901/testwiki-20260901-pages-articles-multistream.xml.bz2",26936612,"2026-09-01 14:32:45.367028532 +0000",e534902cf68d8062c623216b71c2a2994c3f5c50011e47c692cef14f70ec82bc
"/data/project/wdump/links/latest//testwikidatawiki-latest-pages-articles-multistream.xml.bz2","/mnt/nfs/dumps/testwikidatawiki/20260901/testwikidatawiki-20260901-pages-articles-multistream.xml.bz2",33539409,"2026-09-01 14:33:20.723609317 +0000",fc950170423b13c54dfdb0daca597d8b7ffcee292ba0c7d6956d1a1b20e424dd
"/data/project/wdump/links/latest//tetwiki-latest-pages-articles-multistream.xml.bz2","/mnt/nfs/dumps/tetwiki/20260901/tetwiki-20260901-pages-articles-multistream.xml.bz2",3438802,"2026-09-01 14:14:05.872737956 +0000",6039579a41eec3cc2d5cbc817fe228f997589f013bdaf41adac7890915f318e5
"/data/project/wdump/links/latest//tewiki-latest-pages-articles-multistream.xml.bz2","/mnt/nfs/dumps/tewiki/20260901/tewiki-20260901-pages-articles-multistream.xml.bz2",270417854,"2026-09-01 15:12:31.654477309 +0000",5350e9007ee1e06d049e91e883b847620a4008ab71c902f80bfe3574bc38ae84
"/data/project/wdump/links/latest//tewikibooks-latest-pages-articles-multistream.xml.bz2","/mnt/nfs/dumps/tewikibooks/20260901/tewikibooks-20260901-pages-articles-multistream.xml.bz2",6530021,"2026-09-01 14:40:29.984143524 +0000",861cc5cddc80068e5346c90803a8e6f090d7c150700c1ab4c377f956f58fdea8
"/data/project/wdump/links/latest//tewikiquote-latest-pages-articles-multistream.xml.bz2","/mnt/nfs/dumps/tewikiquote/20260901/tewikiquote-20260901-pages-articles-multistream.xml.bz2",1485726,"2026-09-01 12:54:24.384243160 +0000",c3db9548fa9ce9421afaac9991b780d38c6a60e6be3de306256eafb391a2b0ad
"/data/project/wdump/links/latest//tewikisource-latest-pages-articles-multistream.xml.bz2","/mnt/nfs/dumps/tewikisource/20260901/tewikisource-20260901-pages-articles-multistream.xml.bz2",124742636,"2026-09-01 14:45:57.561102471 +0000",199ddba2db0671bb88fe74292fd1f4087b1300376ffa188f62f4a552e7d5a400
"/data/project/wdump/links/latest//tewiktionary-latest-pages-articles-multistream.xml.bz2","/mnt/nfs/dumps/tewiktionary/20260901/tewiktionary-20260901-pages-articles-multistream.xml.bz2",18136465,"2026-09-01 14:44:39.992900955 +0000",d7dfa6a6328a952889e780ada3679193276b6f2ccafe57f2838d4e0dedd1d1a8
"/data/project/wdump/links/latest//tgwiki-latest-pages-articles-multistream.xml.bz2","/mnt/nfs/dumps/tgwiki/20260901/tgwiki-20260901-pages-articles-multistream.xml.bz2",70339245,"2026-09-01 14:52:46.425934113 +0000",caa0569d6f5c8a33580ab9da16bae485d87fd76af3a16df3ab3b384c67c0cad2
"/data/project/wdump/links/latest//tgwikibooks-latest-pages-articles-multistream.xml.bz2","/mnt/nfs/dumps/tgwikibooks/20260901/tgwikibooks-20260901-pages-articles-multistream.xml.bz2",312709,"2026-09-01 14:49:36.725783357 +0000",e97c5ee8e452a18ad707c129e0a81ba469fdf8e30c4a7066edcf2a4001146d38
"/data/project/wdump/links/latest//tgwiktionary-latest-pages-articles-multistream.xml.bz2","/mnt/nfs/dumps/tgwiktionary/20260901/tgwiktionary-20260901-pages-articles-multistream.xml.bz2",5823004,"2026-09-01 11:23:42.900119379 +0000",44d486626bf40a06b626149d3c23170cf9c3b9cff297db2d4aa4840965642e89
"/data/project/wdump/links/latest//thankyouwiki-latest-pages-articles-multistream.xml.bz2","/mnt/nfs/dumps/thankyouwiki/20260901/thankyouwiki-20260901-pages-articles-multistream.xml.bz2",124278,"2026-09-01 11:57:33.749383255 +0000",55ea9dccffc584e9522d1236bbb7d6b32c39eb0894ba661440307995a2c014c1
"/data/project/wdump/links/latest//thwiki-latest-pages-articles-multistream.xml.bz2","/mnt/nfs/dumps/thwiki/20260901/thwiki-20260901-pages-articles-multistream.xml.bz2",519741208,"2026-09-01 11:38:55.674704393 +0000",9740335bcdd3f793929ac6548452d1dc69f62353c5c52d23584302b57d348848
"/data/project/wdump/links/latest//thwikibooks-latest-pages-articles-multistream.xml.bz2","/mnt/nfs/dumps/thwikibooks/20260901/thwikibooks-20260901-pages-articles-multistream.xml.bz2",3263340,"2026-09-01 12:08:33.799781477 +0000",ee7d8d186c113a36ed02f9d0717791cadf1df6615ee9219ab01f2a927ec2907b
"/data/project/wdump/links/latest//thwikimedia-latest-pages-articles-multistream.xml.bz2","/mnt/nfs/dumps/thwikimedia/20260901/thwikimedia-20260901-pages-articles-multistream.xml.bz2",102320,"2026-09-01 12:36:49.276123209 +0000",b007f978f02bfaa06eed26edaef6e32d58d874aa9bac57b966ecc5d475ce59c3
"/data/project/wdump/links/latest//thwikinews-latest-pages-articles-multistream.xml.bz2","/mnt/nfs/dumps/thwikinews/20260901/thwikinews-20260901-pages-articles-multistream.xml.bz2",289012,"2026-09-01 11:24:58.556096454 +0000",af873dde65e1472fa18e552ac5058d20e1ffa8d5d58b01cf3d046d3f147bdc58
"/data/project/wdump/links/latest//thwikiquote-latest-pages-articles-multistream.xml.bz2","/mnt/nfs/dumps/thwikiquote/20260901/thwikiquote-20260901-pages-articles-multistream.xml.bz2",1839919,"2026-09-01 11:34:01.718484827 +0000",d96c8ec5491374260677e5a46bbda021e30a236a6260fb622b017e9a5afb7af9
"/data/project/wdump/links/latest//thwikisource-latest-pages-articles-multistream.xml.bz2","/mnt/nfs/dumps/thwikisource/20260901/thwikisource-20260901-pages-articles-multistream.xml.bz2",23475874,"2026-09-01 09:25:52.922886749 +0000",17052294fe50542445c012d8d15b35a202a604ff683e853ebaa28b8192705616
"/data/project/wdump/links/latest//thwiktionary-latest-pages-articles-multistream.xml.bz2","/mnt/nfs/dumps/thwiktionary/20260901/thwiktionary-20260901-pages-articles-multistream.xml.bz2",174550277,"2026-09-01 12:08:29.970960195 +0000",f1aa02c5f602c8a0c1acc7ad5fd84be8a91586d6aee2ffc56f355ccfa7f76276
"/data/project/wdump/links/latest//tigwiki-latest-pages-articles-multistream.xml.bz2","/mnt/nfs/dumps/tigwiki/20260901/tigwiki-20260901-pages-articles-multistream.xml.bz2",1308205,"2026-09-01 12:02:52.223616261 +0000",ccb6a705f798c62bd578bef3b64dfff256804edd2031c8c0820c4cb43b0073af
"/data/project/wdump/links/latest//tiwiki-latest-pages-articles-multistream.xml.bz2","/mnt/nfs/dumps/tiwiki/20260901/tiwiki-20260901-pages-articles-multistream.xml.bz2",1345271,"2026-09-01 12:09:46.429900882 +0000",0576801bee5d5ce39e98aae76fd2558d0d3cd08e5dd51f06cea474dc01e24552
"/data/project/wdump/links/latest//tiwiktionary-latest-pages-articles-multistream.xml.bz2","/mnt/nfs/dumps/tiwiktionary/20260901/tiwiktionary-20260901-pages-articles-multistream.xml.bz2",194695,"2026-09-01 11:37:24.659618225 +0000",59fea85c99642943161dbab653fb77ab080803a890fc8b8cca4b599e50022887
"/data/project/wdump/links/latest//tkwiki-latest-pages-articles-multistream.xml.bz2","/mnt/nfs/dumps/tkwiki/20260901/tkwiki-20260901-pages-articles-multistream.xml.bz2",8334684,"2026-09-01 11:36:16.241604775 +0000",60ce59659174f034b0c80f5f15b256af51d73d4aebf05f47f92c104b4d0dfe58
"/data/project/wdump/links/latest//tkwikibooks-latest-pages-articles-multistream.xml.bz2","/mnt/nfs/dumps/tkwikibooks/20260901/tkwikibooks-20260901-pages-articles-multistream.xml.bz2",70532,"2026-09-01 11:35:17.241450104 +0000",bf8527e6308861fb3efd857abd559e15bafaf97ba5f23164b3ac6d9b286e3967
"/data/project/wdump/links/latest//tkwikiquote-latest-pages-articles-multistream.xml.bz2","/mnt/nfs/dumps/tkwikiquote/20260901/tkwikiquote-20260901-pages-articles-multistream.xml.bz2",7808,"2026-09-01 11:39:17.734744412 +0000",de28d327907a5b6437db7ed7f459690d34a2814de31c92c6e657a6cebcd8ac66
"/data/project/wdump/links/latest//tkwiktionary-latest-pages-articles-multistream.xml.bz2","/mnt/nfs/dumps/tkwiktionary/20260901/tkwiktionary-20260901-pages-articles-multistream.xml.bz2",837555,"2026-09-01 11:39:20.898750228 +0000",ed1139587a791b3dce52b119cf1ca79a0fa286adb8506caa0e47a4cb07953759
"/data/project/wdump/links/latest//tlwiki-latest-pages-articles-multistream.xml.bz2","/mnt/nfs/dumps/tlwiki/20260901/tlwiki-20260901-pages-articles-multistream.xml.bz2",95668500,"2026-09-01 11:40:18.039691888 +0000",e7f609c7e74d1dddafe7ee404be143b645b4105a828eb05453d07f94d33dc5f3
"/data/project/wdump/links/latest//tlwikibooks-latest-pages-articles-multistream.xml.bz2","/mnt/nfs/dumps/tlwikibooks/20260901/tlwikibooks-20260901-pages-articles-multistream.xml.bz2",1057308,"2026-09-01 11:40:38.374245398 +0000",86b8e0cc3f0a4b8adc3d10017673b116f392fc1e42471b3a43b3873380de37bf
"/data/project/wdump/links/latest//tlwikiquote-latest-pages-articles-multistream.xml.bz2","/mnt/nfs/dumps/tlwikiquote/20260901/tlwikiquote-20260901-pages-articles-multistream.xml.bz2",3349536,"2026-09-01 11:38:20.789883394 +0000",0eee1308dd5f86063038d469b3b8ea25d3691a137fe148a77860576a938fc395
"/data/project/wdump/links/latest//tlwikisource-latest-pages-articles-multistream.xml.bz2","/mnt/nfs/dumps/tlwikisource/20260901/tlwikisource-20260901-pages-articles-multistream.xml.bz2",1873790,"2026-09-01 12:07:47.359065816 +0000",cfe760b7335a17a3f2c2f0679f95b1b8d23687834d2d6f6dd17f877af2a8a2bc
"/data/project/wdump/links/latest//tlwiktionary-latest-pages-articles-multistream.xml.bz2","/mnt/nfs/dumps/tlwiktionary/20260901/tlwiktionary-20260901-pages-articles-multistream.xml.bz2",10317327,"2026-09-01 11:42:29.348845359 +0000",3f20c2857d0c9d43d6c0e436ae5107c30913fc40a3323656567d22e2659afb21
"/data/project/wdump/links/latest//tlywiki-latest-pages-articles-multistream.xml.bz2","/mnt/nfs/dumps/tlywiki/20260901/tlywiki-20260901-pages-articles-multistream.xml.bz2",2437982,"2026-09-01 11:41:02.006945463 +0000",7407641e3c7f92af40c9fcf8b54cc0688e81582f58c8727c8b0b7f25f437b263
"/data/project/wdump/links/latest//tnwiki-latest-pages-articles-multistream.xml.bz2","/mnt/nfs/dumps/tnwiki/20260901/tnwiki-20260901-pages-articles-multistream.xml.bz2",12840487,"2026-09-01 12:08:53.468362376 +0000",81895e9aa72994a7f9fabe780aee865226507c6fc2e7da8476eceb1714ddd312
"/data/project/wdump/links/latest//tnwiktionary-latest-pages-articles-multistream.xml.bz2","/mnt/nfs/dumps/tnwiktionary/20260901/tnwiktionary-20260901-pages-articles-multistream.xml.bz2",357390,"2026-09-01 12:07:47.159065261 +0000",f5baf635bf4a948c5a79d98df7ea934d10b99feb3eb93cf7679a87ae36282299
"/data/project/wdump/links/latest//tokwiki-latest-pages-articles-multistream.xml.bz2","/mnt/nfs/dumps/tokwiki/20260901/tokwiki-20260901-pages-articles-multistream.xml.bz2",3515705,"2026-09-01 11:57:56.702802705 +0000",ebc65a5cc79b06567cc8795e4b2378b71eed4119a39eb01b411198b9ff7060df
"/data/project/wdump/links/latest//towiki-latest-pages-articles-multistream.xml.bz2","/mnt/nfs/dumps/towiki/20260901/towiki-20260901-pages-articles-multistream.xml.bz2",1099157,"2026-09-01 11:43:23.256003957 +0000",b4f25568f1e4ba7772e182cffd6a7d83d9e3ee1bb1870a079159b9ae43d62ed1
"/data/project/wdump/links/latest//towiktionary-latest-pages-articles-multistream.xml.bz2","/mnt/nfs/dumps/towiktionary/20260901/towiktionary-20260901-pages-articles-multistream.xml.bz2",46107,"2026-09-01 11:43:46.804617027 +0000",6678a14b7d80d075e92f50c8796a5b66a407bc8c15751b47fb26dd12af807c57
"/data/project/wdump/links/latest//tpiwiki-latest-pages-articles-multistream.xml.bz2","/mnt/nfs/dumps/tpiwiki/20260901/tpiwiki-20260901-pages-articles-multistream.xml.bz2",2060460,"2026-09-01 12:08:49.295237762 +0000",4cc74355cac24c22743e5105e41a9016703a2c2d6278dbde2c0b6d77caa7e8bb
"/data/project/wdump/links/latest//tpiwiktionary-latest-pages-articles-multistream.xml.bz2","/mnt/nfs/dumps/tpiwiktionary/20260901/tpiwiktionary-20260901-pages-articles-multistream.xml.bz2",2403437,"2026-09-01 11:46:57.609496869 +0000",a51b7ff25d0e8027c4a709c5b78c25012dbb474643d62eecca0946203340bb02
"/data/project/wdump/links/latest//trvwiki-latest-pages-articles-multistream.xml.bz2","/mnt/nfs/dumps/trvwiki/20260901/trvwiki-20260901-pages-articles-multistream.xml.bz2",2167208,"2026-09-01 14:54:37.831737481 +0000",e283ae69a51b179e82ec1ca6e346aaa3089f0d8177b6d1ad0607fa6fe127e548
"/data/project/wdump/links/latest//trwiki-latest-pages-articles-multistream.xml.bz2","/mnt/nfs/dumps/trwiki/20260901/trwiki-20260901-pages-articles-multistream.xml.bz2",1129722504,"2026-09-01 15:50:47.154992010 +0000",059c4d3be42b388734efceba08b5f933ddb1b4412b3f5c12f9e7c53a42b353af
"/data/project/wdump/links/latest//trwikibooks-latest-pages-articles-multistream.xml.bz2","/mnt/nfs/dumps/trwikibooks/20260901/trwikibooks-20260901-pages-articles-multistream.xml.bz2",3164730,"2026-09-01 13:08:34.367960313 +0000",4205164fd6b7b54f610f7fc3f01738b13b5fd398a97523b82c5e829adb8df093
"/data/project/wdump/links/latest//trwikimedia-latest-pages-articles-multistream.xml.bz2","/mnt/nfs/dumps/trwikimedia/20260901/trwikimedia-20260901-pages-articles-multistream.xml.bz2",629081,"2026-09-01 12:29:38.494268812 +0000",dc5ea4334ab25f6a5e302e37718b14b4a14e19e75d0b9990d2f50cf627687344
"/data/project/wdump/links/latest//trwikinews-latest-pages-articles-multistream.xml.bz2","/mnt/nfs/dumps/trwikinews/20260901/trwikinews-20260901-pages-articles-multistream.xml.bz2",2121912,"2026-09-01 12:30:19.318375856 +0000",96b5241de95d4ad57a1925b483d10fd6853c0e58b0c14e17b9aa82d34db61fd3
"/data/project/wdump/links/latest//trwikiquote-latest-pages-articles-multistream.xml.bz2","/mnt/nfs/dumps/trwikiquote/20260901/trwikiquote-20260901-pages-articles-multistream.xml.bz2",9775951,"2026-09-01 12:42:51.408386925 +0000",fb916855480c10453fae341c37a9c9e63b4e40e057b25f8e67d7dd41be051324
"/data/project/wdump/links/latest//trwikisource-latest-pages-articles-multistream.xml.bz2","/mnt/nfs/dumps/trwikisource/20260901/trwikisource-20260901-pages-articles-multistream.xml.bz2",26252270,"2026-09-01 12:42:58.000398035 +0000",7b0c9b7397246a7fa2b9ef6b21102eec71ddfbe53c163d419189fd5d4c277708
"/data/project/wdump/links/latest//trwikivoyage-latest-pages-articles-multistream.xml.bz2","/mnt/nfs/dumps/trwikivoyage/20260901/trwikivoyage-20260901-pages-articles-multistream.xml.bz2",1537059,"2026-09-01 12:43:06.381574215 +0000",ef2f4750c9e40d5f09a60ec6f01e7c2c2358fd68fa594d22ffe335612cbe5e04
"/data/project/wdump/links/latest//trwiktionary-latest-pages-articles-multistream.xml.bz2","/mnt/nfs/dumps/trwiktionary/20260901/trwiktionary-20260901-pages-articles-multistream.xml.bz2",86283460,"2026-09-01 12:49:55.918730157 +0000",e2ce1f7b372ce3d07414f049fff0cd4d3862a7a8265f6fcdaafbce61859d3723
"/data/project/wdump/links/latest//tswiki-latest-pages-articles-multistream.xml.bz2","/mnt/nfs/dumps/tswiki/20260901/tswiki-20260901-pages-articles-multistream.xml.bz2",2527245,"2026-09-01 12:52:29.369652461 +0000",400c0f2bb6f28be9864e334a6f42d8c399d215c9c9cc993fbd350bdebc65d9bb
"/data/project/wdump/links/latest//tswiktionary-latest-pages-articles-multistream.xml.bz2","/mnt/nfs/dumps/tswiktionary/20260901/tswiktionary-20260901-pages-articles-multistream.xml.bz2",289403,"2026-09-01 12:40:48.195727524 +0000",5a2d4af340c9bb3dbc3fd7d7b0286b5779f70d6116da2253b737166bcc26be3e
"/data/project/wdump/links/latest//ttwiki-latest-pages-articles-multistream.xml.bz2","/mnt/nfs/dumps/ttwiki/20260901/ttwiki-20260901-pages-articles-multistream.xml.bz2",186242653,"2026-09-01 13:01:49.354476290 +0000",05703b9026f94e79e681e4ff3612a5c8022ec6e542950d9f97c1a5cab2b44892
"/data/project/wdump/links/latest//ttwikibooks-latest-pages-articles-multistream.xml.bz2","/mnt/nfs/dumps/ttwikibooks/20260901/ttwikibooks-20260901-pages-articles-multistream.xml.bz2",1200519,"2026-09-01 12:48:42.417185868 +0000",1e4ad6d37b8832305a1a4d0146d140f8e5a75f93e911c77b9e40c16d54b5fea9
"/data/project/wdump/links/latest//ttwikiquote-latest-pages-articles-multistream.xml.bz2","/mnt/nfs/dumps/ttwikiquote/20260901/ttwikiquote-20260901-pages-articles-multistream.xml.bz2",6693,"2026-09-01 12:49:01.577227150 +0000",243091a246e66cd80ec401886128a4c51b789ac1a50b252fd7883b39d89ee151
"/data/project/wdump/links/latest//ttwiktionary-latest-pages-articles-multistream.xml.bz2","/mnt/nfs/dumps/ttwiktionary/20260901/ttwiktionary-20260901-pages-articles-multistream.xml.bz2",1062255,"2026-09-01 14:29:51.822129308 +0000",dbcf0ddbeb7c519316419cc494cad7143207305fc2f826da623e4353dea5070f
"/data/project/wdump/links/latest//tumwiki-latest-pages-articles-multistream.xml.bz2","/mnt/nfs/dumps/tumwiki/20260901/tumwiki-20260901-pages-articles-multistream.xml.bz2",22048180,"2026-09-01 12:37:56.150998262 +0000",a589f6f4f687c18f999d42857ad3f425545b37d2c3c9297ce22f54098053ecd5
"/data/project/wdump/links/latest//twwiki-latest-pages-articles-multistream.xml.bz2","/mnt/nfs/dumps/twwiki/20260901/twwiki-20260901-pages-articles-multistream.xml.bz2",7256014,"2026-09-01 12:33:08.670241409 +0000",9de896d71aeaf8278ac22349fceb106519adb2e08ded37b7216fa9f610baf2df
"/data/project/wdump/links/latest//twwiktionary-latest-pages-articles-multistream.xml.bz2","/mnt/nfs/dumps/twwiktionary/20260901/twwiktionary-20260901-pages-articles-multistream.xml.bz2",47128,"2026-09-01 12:36:28.289800488 +0000",0f245719ab366b40ad4b66c7be4c9553572d9c49ddd0323b5f377cbc110e3fd5
"/data/project/wdump/links/latest//tyvwiki-latest-pages-articles-multistream.xml.bz2","/mnt/nfs/dumps/tyvwiki/20260901/tyvwiki-20260901-pages-articles-multistream.xml.bz2",6877642,"2026-09-01 12:06:10.792884119 +0000",acc14800bb357a8076345c82497681f019ec142c39bda8164cf9d2385f417e06
"/data/project/wdump/links/latest//tywiki-latest-pages-articles-multistream.xml.bz2","/mnt/nfs/dumps/tywiki/20260901/tywiki-20260901-pages-articles-multistream.xml.bz2",733658,"2026-09-01 12:04:51.674549645 +0000",13af22d424ae67b6691abca9acc90e95e31db84c49e718a6726eb850c85cbd0c
"/data/project/wdump/links/latest//uawikimedia-latest-pages-articles-multistream.xml.bz2","/mnt/nfs/dumps/uawikimedia/20260901/uawikimedia-20260901-pages-articles-multistream.xml.bz2",13337817,"2026-09-01 11:48:06.687956332 +0000",458daa23a621077922d65da28dee99bb0faa4366a2efde3a515a8aa62976aed3
"/data/project/wdump/links/latest//udmwiki-latest-pages-articles-multistream.xml.bz2","/mnt/nfs/dumps/udmwiki/20260901/udmwiki-20260901-pages-articles-multistream.xml.bz2",5049771,"2026-09-01 11:54:14.780282815 +0000",6156c36c3e3b9e53c7d5aed22d4f7ccb7ad91fbf56c294622051d85563ba0107
"/data/project/wdump/links/latest//ugwiki-latest-pages-articles-multistream.xml.bz2","/mnt/nfs/dumps/ugwiki/20260901/ugwiki-20260901-pages-articles-multistream.xml.bz2",15470470,"2026-09-01 12:02:44.311724734 +0000",86d3c0a64438d4ae64c46b4911551ab681b6599f0bbad3949f737c5c4b1005c8
"/data/project/wdump/links/latest//ugwikibooks-latest-pages-articles-multistream.xml.bz2","/mnt/nfs/dumps/ugwikibooks/20260901/ugwikibooks-20260901-pages-articles-multistream.xml.bz2",8832,"2026-09-01 11:57:15.217333361 +0000",08f8dc79321e7ff61e95ca3b16c07b46808432956c539d0dfd15391d452ba176
"/data/project/wdump/links/latest//ugwikiquote-latest-pages-articles-multistream.xml.bz2","/mnt/nfs/dumps/ugwikiquote/20260901/ugwikiquote-20260901-pages-articles-multistream.xml.bz2",7586,"2026-09-01 11:45:54.247657053 +0000",6bd985ee0442017730602ad29f27445ec5fc6d9d6ded7e0a4be1cf5bb946c6e0
"/data/project/wdump/links/latest//ugwiktionary-latest-pages-articles-multistream.xml.bz2","/mnt/nfs/dumps/ugwiktionary/20260901/ugwiktionary-20260901-pages-articles-multistream.xml.bz2",670221,"2026-09-01 11:47:55.426539134 +0000",cbbd461a7b9267794d567bf24a282bcc4c72f2b16e3cdd170665e15ae1931d78
"/data/project/wdump/links/latest//ukwiki-latest-pages-articles-multistream.xml.bz2","/mnt/nfs/dumps/ukwiki/20260901/ukwiki-20260901-pages-articles-multistream.xml.bz2",2801287547,"2026-09-01 19:21:39.923618132 +0000",3c0d979d9e94f8545ff0a179ba7eb54003a1622c557fff5cb672579c337bf218
"/data/project/wdump/links/latest//ukwikibooks-latest-pages-articles-multistream.xml.bz2","/mnt/nfs/dumps/ukwikibooks/20260901/ukwikibooks-20260901-pages-articles-multistream.xml.bz2",3293630,"2026-09-01 11:46:34.837779556 +0000",10147c3feea597b469b7ae89ed7e4d97a0e2fb93406d2cf140504c51a2c81c92
"/data/project/wdump/links/latest//ukwikimedia-latest-pages-articles-multistream.xml.bz2","/mnt/nfs/dumps/ukwikimedia/20170701/ukwikimedia-20170701-pages-articles-multistream.xml.bz2",3539966,"2017-07-02 18:25:01.882484340 +0000",4804ee071eb83b6b9deb671c0ffa358fe2cd939ed107e2f8861664d28472cfe3
"/data/project/wdump/links/latest//ukwikinews-latest-pages-articles-multistream.xml.bz2","/mnt/nfs/dumps/ukwikinews/20260901/ukwikinews-20260901-pages-articles-multistream.xml.bz2",3664620,"2026-09-01 11:48:19.028488001 +0000",f74ebc3c7cab481e839680364616f2e9b3d5299361098fc2cf3e5ab70e8b69cf
"/data/project/wdump/links/latest//ukwikiquote-latest-pages-articles-multistream.xml.bz2","/mnt/nfs/dumps/ukwikiquote/20260901/ukwikiquote-20260901-pages-articles-multistream.xml.bz2",21059542,"2026-09-01 12:48:41.580442800 +0000",749e8bef4f98991397a99c48e6c8b477033eace4a2a63148f2a1e28de83dd804
"/data/project/wdump/links/latest//ukwikisource-latest-pages-articles-multistream.xml.bz2","/mnt/nfs/dumps/ukwikisource/20260901/ukwikisource-20260901-pages-articles-multistream.xml.bz2",164876910,"2026-09-01 12:47:50.817076416 +0000",1b4b10b1633e6b2cb110517a281d961a2737d5168ab56a4086a70802659de800
"/data/project/wdump/links/latest//ukwikivoyage-latest-pages-articles-multistream.xml.bz2","/mnt/nfs/dumps/ukwikivoyage/20260901/ukwikivoyage-20260901-pages-articles-multistream.xml.bz2",4584881,"2026-09-01 11:49:42.597933056 +0000",24e38835dd981f438b1e361e53ede0bdbd4ecf0eae31452a78a3668d0b2e3e14
"/data/project/wdump/links/latest//ukwiktionary-latest-pages-articles-multistream.xml.bz2","/mnt/nfs/dumps/ukwiktionary/20260901/ukwiktionary-20260901-pages-articles-multistream.xml.bz2",19145252,"2026-09-01 12:38:31.567316312 +0000",70cff8da41012ef24fe5b7fea2350afdc867731e582903aa9d4370cdd553a563
"/data/project/wdump/links/latest//urwiki-latest-pages-articles-multistream.xml.bz2","/mnt/nfs/dumps/urwiki/20260901/urwiki-20260901-pages-articles-multistream.xml.bz2",533155916,"2026-09-01 14:44:11.179775592 +0000",ec26d69aefb9c96ee1d484b945f42d4a40f60b26aad863a6a05b6ab6c4a18a96
"/data/project/wdump/links/latest//urwikibooks-latest-pages-articles-multistream.xml.bz2","/mnt/nfs/dumps/urwikibooks/20260901/urwikibooks-20260901-pages-articles-multistream.xml.bz2",1651482,"2026-09-01 11:48:39.558944562 +0000",2b0e1a780eeccba5f8c583a5576b932c96e14eb4588f88bb316018bd8c1bae29
"/data/project/wdump/links/latest//urwikiquote-latest-pages-articles-multistream.xml.bz2","/mnt/nfs/dumps/urwikiquote/20260901/urwikiquote-20260901-pages-articles-multistream.xml.bz2",1089139,"2026-09-01 12:58:23.037372287 +0000",c3a1827e148a78fbf414b0c95322b8fca1e45173f237d6caab59368b3078aa96
"/data/project/wdump/links/latest//urwikisource-latest-pages-articles-multistream.xml.bz2","/mnt/nfs/dumps/urwikisource/20260901/urwikisource-20260901-pages-articles-multistream.xml.bz2",10863759,"2026-09-01 12:57:14.151708733 +0000",6fe4ba4e705dea43a034ada17a33413c4bc5d545094bef0de3b938a8a049a974
"/data/project/wdump/links/latest//urwiktionary-latest-pages-articles-multistream.xml.bz2","/mnt/nfs/dumps/urwiktionary/20260901/urwiktionary-20260901-pages-articles-multistream.xml.bz2",4084287,"2026-09-01 12:57:07.690357341 +0000",abf16405c7a43f762445c3192b7636333c34b6ffd82f4601514c9fd19d2d9fe8
"/data/project/wdump/links/latest//usabilitywiki-latest-pages-articles-multistream.xml.bz2","/mnt/nfs/dumps/usabilitywiki/20260901/usabilitywiki-20260901-pages-articles-multistream.xml.bz2",368755,"2026-09-01 13:00:39.514881609 +0000",4f90138cb87fd260ec0d32a41443a010c67a33c6ece3b32d54046589c449f199
"/data/project/wdump/links/latest//uzwiki-latest-pages-articles-multistream.xml.bz2","/mnt/nfs/dumps/uzwiki/20260901/uzwiki-20260901-pages-articles-multistream.xml.bz2",339917632,"2026-09-01 14:27:17.746803749 +0000",6cf058808c0c87ed8c1f93ca9f73c64b8906796a6d305a8aebc5757d010a3d1c
"/data/project/wdump/links/latest//uzwikibooks-latest-pages-articles-multistream.xml.bz2","/mnt/nfs/dumps/uzwikibooks/20260901/uzwikibooks-20260901-pages-articles-multistream.xml.bz2",151042,"2026-09-01 14:18:03.234259087 +0000",08ae21221ae5ae183bc2741fecbc670c3ffebe1f5c3d7da0341827ff26cc4eaf
"/data/project/wdump/links/latest//uzwikiquote-latest-pages-articles-multistream.xml.bz2","/mnt/nfs/dumps/uzwikiquote/20260901/uzwikiquote-20260901-pages-articles-multistream.xml.bz2",2965814,"2026-09-01 13:00:54.166180978 +0000",50799c5a2c966ef548ed7a2762b99faac1d8dda092cef91ecb59602339100e30
"/data/project/wdump/links/latest//uzwiktionary-latest-pages-articles-multistream.xml.bz2","/mnt/nfs/dumps/uzwiktionary/20260901/uzwiktionary-20260901-pages-articles-multistream.xml.bz2",31130351,"2026-09-01 13:04:23.927467355 +0000",8d45ee13659c61ca6fa2b517f3e608f685b6b68a07f6c1eeae0005567a40c0ca
"/data/project/wdump/links/latest//vecwiki-latest-pages-articles-multistream.xml.bz2","/mnt/nfs/dumps/vecwiki/20260901/vecwiki-20260901-pages-articles-multistream.xml.bz2",31857294,"2026-09-01 13:00:15.044503495 +0000",835228d468552e47ffeab598f75ee8a3dfbfe8afbbeaa54798f2d9928c190ca0
"/data/project/wdump/links/latest//vecwikisource-latest-pages-articles-multistream.xml.bz2","/mnt/nfs/dumps/vecwikisource/20260901/vecwikisource-20260901-pages-articles-multistream.xml.bz2",6919258,"2026-09-01 13:02:14.535120397 +0000",8ccc29eba91346654b6747543383d5667f5c343eead5574c20ce3d19ece63331
"/data/project/wdump/links/latest//vecwiktionary-latest-pages-articles-multistream.xml.bz2","/mnt/nfs/dumps/vecwiktionary/20260901/vecwiktionary-20260901-pages-articles-multistream.xml.bz2",1586278,"2026-09-01 14:19:54.292538582 +0000",964201dc5d7856204a43b34051ea78789680783f6747a54470070790b1cefbb4
"/data/project/wdump/links/latest//vepwiki-latest-pages-articles-multistream.xml.bz2","/mnt/nfs/dumps/vepwiki/20260901/vepwiki-20260901-pages-articles-multistream.xml.bz2",11537636,"2026-09-01 13:05:50.434251664 +0000",1111ea085f5704872986bc4569673de071f506bf29d68dd122b495611dadf2bb
"/data/project/wdump/links/latest//vewiki-latest-pages-articles-multistream.xml.bz2","/mnt/nfs/dumps/vewiki/20260901/vewiki-20260901-pages-articles-multistream.xml.bz2",637221,"2026-09-01 13:04:28.783398828 +0000",db66bd460bd104fd68be212805563b0b02f79c1d63ee46e9b1f473bf2c4de804
"/data/project/wdump/links/latest//vewikimedia-latest-pages-articles-multistream.xml.bz2","/mnt/nfs/dumps/vewikimedia/20260901/vewikimedia-20260901-pages-articles-multistream.xml.bz2",11240,"2026-09-01 14:24:05.076492257 +0000",7f989212e5df044f01dd3d7acbb7aeb2f8aa7ab705cb222236ea0b1df479c8f1
"/data/project/wdump/links/latest//viwiki-latest-pages-articles-multistream.xml.bz2","/mnt/nfs/dumps/viwiki/20260901/viwiki-20260901-pages-articles-multistream.xml.bz2",1225105598,"2026-09-01 19:16:13.085192054 +0000",58dbb67808510763f18e80abdaf27e17f72905c7de28fa9afc672c30f901e9e8
"/data/project/wdump/links/latest//viwikibooks-latest-pages-articles-multistream.xml.bz2","/mnt/nfs/dumps/viwikibooks/20260901/viwikibooks-20260901-pages-articles-multistream.xml.bz2",9737446,"2026-09-01 14:24:29.704638892 +0000",24e13bf16c957c46fa5e8d420f4414966b6a8335ee290f5e94f387b1ce884207
"/data/project/wdump/links/latest//viwikiquote-latest-pages-articles-multistream.xml.bz2","/mnt/nfs/dumps/viwikiquote/20260901/viwikiquote-20260901-pages-articles-multistream.xml.bz2",4206836,"2026-09-01 14:24:05.401061809 +0000",32ac0afc1d031fd4f6bebb33b76aa5f84b73a18eabebdde3d5ca53804fb46468
"/data/project/wdump/links/latest//viwikisource-latest-pages-articles-multistream.xml.bz2","/mnt/nfs/dumps/viwikisource/20260901/viwikisource-20260901-pages-articles-multistream.xml.bz2",41005932,"2026-09-01 12:28:46.362132547 +0000",f4270d7e2a4ef2c6b1d4351deb388272481e8782a4a2c2f07838c30a706dce1b
"/data/project/wdump/links/latest//viwikivoyage-latest-pages-articles-multistream.xml.bz2","/mnt/nfs/dumps/viwikivoyage/20260901/viwikivoyage-20260901-pages-articles-multistream.xml.bz2",4502537,"2026-09-01 11:50:40.563579466 +0000",29d1ff7454fbf50a9d8a62f8d64d069754683e8c0914548e76c77ff9d1caa714
"/data/project/wdump/links/latest//viwiktionary-latest-pages-articles-multistream.xml.bz2","/mnt/nfs/dumps/viwiktionary/20260901/viwiktionary-20260901-pages-articles-multistream.xml.bz2",73873888,"2026-09-01 11:54:17.616265105 +0000",c97ea965c6cbcba98a971f79f99a616b7bdfb07c81ec48599d424b1c55ff5f45
"/data/project/wdump/links/latest//vlswiki-latest-pages-articles-multistream.xml.bz2","/mnt/nfs/dumps/vlswiki/20260901/vlswiki-20260901-pages-articles-multistream.xml.bz2",9794278,"2026-09-01 11:53:41.040493697 +0000",b0cb4c8a7823856d20acae15b5f4cd4bfb36fb78638ed18354df601a9819528f
"/data/project/wdump/links/latest//votewiki-latest-pages-articles-multistream.xml.bz2","/mnt/nfs/dumps/votewiki/20260901/votewiki-20260901-pages-articles-multistream.xml.bz2",3287455,"2026-09-01 11:53:38.751248077 +0000",2eb28cc16bf21e1a3606ea604cb50d3cb3676aea9b5cd2d15031cf07a577c0df
"/data/project/wdump/links/latest//vowiki-latest-pages-articles-multistream.xml.bz2","/mnt/nfs/dumps/vowiki/20260901/vowiki-20260901-pages-articles-multistream.xml.bz2",19888926,"2026-09-01 11:54:10.732841525 +0000",a8ec190295113efdee3b1526634a2d46d22c13d18ac50d2d89df9cca4535df63
"/data/project/wdump/links/latest//vowikibooks-latest-pages-articles-multistream.xml.bz2","/mnt/nfs/dumps/vowikibooks/20260901/vowikibooks-20260901-pages-articles-multistream.xml.bz2",165396,"2026-09-01 11:53:00.952744688 +0000",68a7177761ee432f792fda1c98b4e7b4990dbdcda69667ebbd7f297771a04bff
"/data/project/wdump/links/latest//vowikiquote-latest-pages-articles-multistream.xml.bz2","/mnt/nfs/dumps/vowikiquote/20260901/vowikiquote-20260901-pages-articles-multistream.xml.bz2",5771,"2026-09-01 11:56:37.009230748 +0000",97b9636267e7afaee0940d6131ecc221cf636619642ea9acfbb3555cf078bae0
"/data/project/wdump/links/latest//vowiktionary-latest-pages-articles-multistream.xml.bz2","/mnt/nfs/dumps/vowiktionary/20260901/vowiktionary-20260901-pages-articles-multistream.xml.bz2",2375045,"2026-09-01 11:53:03.131751942 +0000",e2d5a1e72945a9c0bd35e0ede050dadd46c2a47764c4394ed8d6d5de98b66b71
"/data/project/wdump/links/latest//warwiki-latest-pages-articles-multistream.xml.bz2","/mnt/nfs/dumps/warwiki/20260901/warwiki-20260901-pages-articles-multistream.xml.bz2",295362700,"2026-09-01 15:26:24.947848476 +0000",dada6658802b3f45a34500584e261e100ef2666e04f1d3b4dd5ac5474a3a1127
"/data/project/wdump/links/latest//wawiki-latest-pages-articles-multistream.xml.bz2","/mnt/nfs/dumps/wawiki/20260901/wawiki-20260901-pages-articles-multistream.xml.bz2",9925363,"2026-09-01 09:29:37.980308420 +0000",e757966b1823c9b997d46f75af0505280e6d5d09daa5deae2a21e36a3b7b4e9e
"/data/project/wdump/links/latest//wawikibooks-latest-pages-articles-multistream.xml.bz2","/mnt/nfs/dumps/wawikibooks/20260901/wawikibooks-20260901-pages-articles-multistream.xml.bz2",5527,"2026-09-01 09:27:28.098175774 +0000",da1240dd53655d2ca11c49a327a502b316e2efef037d084befcb404045eade8c
"/data/project/wdump/links/latest//wawikisource-latest-pages-articles-multistream.xml.bz2","/mnt/nfs/dumps/wawikisource/20260901/wawikisource-20260901-pages-articles-multistream.xml.bz2",3816015,"2026-09-01 09:29:35.744532055 +0000",5bf664676653b6547729b0c0b39b670bd9108a0bb15bec5ea0d8cd957c40d32c
"/data/project/wdump/links/latest//wawiktionary-latest-pages-articles-multistream.xml.bz2","/mnt/nfs/dumps/wawiktionary/20260901/wawiktionary-20260901-pages-articles-multistream.xml.bz2",14990341,"2026-09-01 09:30:33.224662653 +0000",4306f45ddfb1a1fd18dea6b9af302400cd1df1140bd72baa4db56b52153f1408
"/data/project/wdump/links/latest//wbwikimedia-latest-pages-articles-multistream.xml.bz2","/mnt/nfs/dumps/wbwikimedia/20260901/wbwikimedia-20260901-pages-articles-multistream.xml.bz2",37638,"2026-09-01 09:27:53.158926579 +0000",d3a7c9fdbdd4138144c1dd7e7b2d4c707362d4714b0b4c73d43e82501d4637eb
"/data/project/wdump/links/latest//wikidatawiki-latest-pages-articles-multistream.xml.bz2","/mnt/nfs/dumps/wikidatawiki/20260901/wikidatawiki-20260901-pages-articles-multistream.xml.bz2",181762574315,"2026-09-08 09:18:32.802947000 +0000",3443810d2889d3e17afea61fd4ea4d291bb982fdec0b1d613ca40139a7744248
"/data/project/wdump/links/latest//wikifunctionswiki-latest-pages-articles-multistream.xml.bz2","/mnt/nfs/dumps/wikifunctionswiki/20260901/wikifunctionswiki-20260901-pages-articles-multistream.xml.bz2",18944804,"2026-09-01 09:30:16.556058280 +0000",7d495b5af19828b20fb4f4a45366f6e99aef288327948860199812cc7c2590ad
"/data/project/wdump/links/latest//wikimania2005wiki-latest-pages-articles-multistream.xml.bz2","/mnt/nfs/dumps/wikimania2005wiki/20260901/wikimania2005wiki-20260901-pages-articles-multistream.xml.bz2",307292,"2026-09-01 09:29:41.603554136 +0000",0c8883a86a51b9d94789dcd52fe3cd182d99bc04f9684787b12940bfefeb53fa
"/data/project/wdump/links/latest//wikimania2006wiki-latest-pages-articles-multistream.xml.bz2","/mnt/nfs/dumps/wikimania2006wiki/20260901/wikimania2006wiki-20260901-pages-articles-multistream.xml.bz2",573378,"2026-09-01 09:29:04.308526560 +0000",3572fee47a26a1de0da71f173b5b3271e15c7645e3b7110a36cd50d34449da30
"/data/project/wdump/links/latest//wikimania2007wiki-latest-pages-articles-multistream.xml.bz2","/mnt/nfs/dumps/wikimania2007wiki/20260901/wikimania2007wiki-20260901-pages-articles-multistream.xml.bz2",1085827,"2026-09-01 09:29:34.839652559 +0000",4b299e99d8854462fbcad2540365ca0b09b5add057e3b3fc1b186d61b358e054
"/data/project/wdump/links/latest//wikimania2008wiki-latest-pages-articles-multistream.xml.bz2","/mnt/nfs/dumps/wikimania2008wiki/20260901/wikimania2008wiki-20260901-pages-articles-multistream.xml.bz2",652955,"2026-09-01 09:30:26.202955995 +0000",d8064fb3f4a4fee499274b963131eb6ff237441388236b88eaab9710d58fc3b3
"/data/project/wdump/links/latest//wikimania2009wiki-latest-pages-articles-multistream.xml.bz2","/mnt/nfs/dumps/wikimania2009wiki/20260901/wikimania2009wiki-20260901-pages-articles-multistream.xml.bz2",921934,"2026-09-01 09:29:34.037499315 +0000",07a97cefb518a3b1c63de3abba141aee6f4f21806983cbea111828efe3b2b4b1
"/data/project/wdump/links/latest//wikimania2010wiki-latest-pages-articles-multistream.xml.bz2","/mnt/nfs/dumps/wikimania2010wiki/20260901/wikimania2010wiki-20260901-pages-articles-multistream.xml.bz2",610813,"2026-09-01 09:29:59.584225059 +0000",3dabdd621d7d20f0c4e9e1bae973c188ac1ca0a36243efcc611cdb5ea4819c7d
"/data/project/wdump/links/latest//wikimania2011wiki-latest-pages-articles-multistream.xml.bz2","/mnt/nfs/dumps/wikimania2011wiki/20260901/wikimania2011wiki-20260901-pages-articles-multistream.xml.bz2",1020956,"2026-09-01 09:28:40.516443325 +0000",44b068f9a98280cbd8617d1c77e7adb25e79b58f25285192b5923c4c6eaff0f4
"/data/project/wdump/links/latest//wikimania2012wiki-latest-pages-articles-multistream.xml.bz2","/mnt/nfs/dumps/wikimania2012wiki/20260901/wikimania2012wiki-20260901-pages-articles-multistream.xml.bz2",2825801,"2026-09-01 09:35:58.804067472 +0000",14783a686129e3693456e8c0623b84035e0227767574e27feddd45b9fb1a217a
"/data/project/wdump/links/latest//wikimania2013wiki-latest-pages-articles-multistream.xml.bz2","/mnt/nfs/dumps/wikimania2013wiki/20260901/wikimania2013wiki-20260901-pages-articles-multistream.xml.bz2",1956896,"2026-09-01 09:36:51.775320708 +0000",4e8792cb4e856aacc1748177733dcaf1cefb40c96b8afbb9ca1fd7b73e54bdc4
"/data/project/wdump/links/latest//wikimania2014wiki-latest-pages-articles-multistream.xml.bz2","/mnt/nfs/dumps/wikimania2014wiki/20260901/wikimania2014wiki-20260901-pages-articles-multistream.xml.bz2",2648567,"2026-09-01 09:29:07.184055067 +0000",71bd715aa867d947cd033013b8a7da8b4b97d3a006a56bc4ab48d1320c57cc29
"/data/project/wdump/links/latest//wikimania2015wiki-latest-pages-articles-multistream.xml.bz2","/mnt/nfs/dumps/wikimania2015wiki/20260901/wikimania2015wiki-20260901-pages-articles-multistream.xml.bz2",3161299,"2026-09-01 09:30:00.479009555 +0000",73dd3aa8d6f0faf13df3b8f5fdb80822610375f02c59c9d4d1a807bb0ba043cb
"/data/project/wdump/links/latest//wikimania2016wiki-latest-pages-articles-multistream.xml.bz2","/mnt/nfs/dumps/wikimania2016wiki/20260901/wikimania2016wiki-20260901-pages-articles-multistream.xml.bz2",2825906,"2026-09-01 09:42:28.142584741 +0000",45486b0f052b4080637b5b2c353c6fbc60aa877ea7809d0e2a2149ca9fab1c27
"/data/project/wdump/links/latest//wikimania2017wiki-latest-pages-articles-multistream.xml.bz2","/mnt/nfs/dumps/wikimania2017wiki/20260901/wikimania2017wiki-20260901-pages-articles-multistream.xml.bz2",3212175,"2026-09-01 09:36:51.287907311 +0000",37b600e1e9f2a4bfcfef5947c5519f755fa60fd5fe5724e39935656cf5ec278f
"/data/project/wdump/links/latest//wikimania2018wiki-latest-pages-articles-multistream.xml.bz2","/mnt/nfs/dumps/wikimania2018wiki/20260901/wikimania2018wiki-20260901-pages-articles-multistream.xml.bz2",1753408,"2026-09-01 09:36:52.024203430 +0000",edc11262328fd1417a82ba2306dee135c9e21bcf1c123266c06850d151dede05
"/data/project/wdump/links/latest//wikimaniawiki-latest-pages-articles-multistream.xml.bz2","/mnt/nfs/dumps/wikimaniawiki/20260901/wikimaniawiki-20260901-pages-articles-multistream.xml.bz2",38933981,"2026-09-01 09:40:59.819859532 +0000",2e5d26c719bfa75554a67b9365c00ea92c5defca8000890095cfad5ba5716c28
"/data/project/wdump/links/latest//wowiki-latest-pages-articles-multistream.xml.bz2","/mnt/nfs/dumps/wowiki/20260901/wowiki-20260901-pages-articles-multistream.xml.bz2",2381601,"2026-09-01 09:36:50.999331646 +0000",9b27ac9f812b59a3e3a22ec39222675b10b40d2dca9f8a1d370f074cff7f4be6
"/data/project/wdump/links/latest//wowikiquote-latest-pages-articles-multistream.xml.bz2","/mnt/nfs/dumps/wowikiquote/20260901/wowikiquote-20260901-pages-articles-multistream.xml.bz2",34682,"2026-09-01 09:37:15.626609615 +0000",b9dd20def95552b70f2227ee99949a06c731de683ca4f4436c7502515e989acf
"/data/project/wdump/links/latest//wowiktionary-latest-pages-articles-multistream.xml.bz2","/mnt/nfs/dumps/wowiktionary/20260901/wowiktionary-20260901-pages-articles-multistream.xml.bz2",461376,"2026-09-01 09:39:17.421041045 +0000",7ceb3a7917ec8007a1fdb83bda0f52c41ccd07d00f1eda6991b3e188cce5d8d0
"/data/project/wdump/links/latest//wuuwiki-latest-pages-articles-multistream.xml.bz2","/mnt/nfs/dumps/wuuwiki/20260901/wuuwiki-20260901-pages-articles-multistream.xml.bz2",24149880,"2026-09-01 09:38:37.117836155 +0000",780abb92c02c52ba2f61c94977f0330b48aea4603628667ed90cfa3f5431135b
"/data/project/wdump/links/latest//xalwiki-latest-pages-articles-multistream.xml.bz2","/mnt/nfs/dumps/xalwiki/20260901/xalwiki-20260901-pages-articles-multistream.xml.bz2",2038217,"2026-09-01 09:39:19.564519326 +0000",d6e6d5074384ad6503e241c03673a11030fb30f1ad59b8d1db8d71f7095ecf96
"/data/project/wdump/links/latest//xhwiki-latest-pages-articles-multistream.xml.bz2","/mnt/nfs/dumps/xhwiki/20260901/xhwiki-20260901-pages-articles-multistream.xml.bz2",4024559,"2026-09-01 09:40:14.424306903 +0000",d381b8e69a7c6136075563ca062812b31366f895d35f56f6c6c31b58dbd6d1be
"/data/project/wdump/links/latest//xhwikibooks-latest-pages-articles-multistream.xml.bz2","/mnt/nfs/dumps/xhwikibooks/20260901/xhwikibooks-20260901-pages-articles-multistream.xml.bz2",9127,"2026-09-01 09:39:16.992273855 +0000",3bad77e9899d9575da80565f4ddcef8c75ee397657c60cb0de7d0ebde57298d9
"/data/project/wdump/links/latest//xhwiktionary-latest-pages-articles-multistream.xml.bz2","/mnt/nfs/dumps/xhwiktionary/20260901/xhwiktionary-20260901-pages-articles-multistream.xml.bz2",39200,"2026-09-01 09:37:17.054964391 +0000",b1ec211fe229a8e31efbf584aae2e1a3f051a9f115649411b5d4ac087ab77c1b
"/data/project/wdump/links/latest//xmfwiki-latest-pages-articles-multistream.xml.bz2","/mnt/nfs/dumps/xmfwiki/20260901/xmfwiki-20260901-pages-articles-multistream.xml.bz2",18696873,"2026-09-01 09:41:27.220603423 +0000",ad494de41865770c6c9d37c91c2c1afa661c82deced682e68f8376e16f412a00
"/data/project/wdump/links/latest//yiwiki-latest-pages-articles-multistream.xml.bz2","/mnt/nfs/dumps/yiwiki/20260901/yiwiki-20260901-pages-articles-multistream.xml.bz2",15493225,"2026-09-01 09:41:20.610202883 +0000",f3773eedccb036514573f1bfc4f3b922f0933d4358915dfb07ad0aa470fe9060
"/data/project/wdump/links/latest//yiwikisource-latest-pages-articles-multistream.xml.bz2","/mnt/nfs/dumps/yiwikisource/20260901/yiwikisource-20260901-pages-articles-multistream.xml.bz2",5319948,"2026-09-01 09:37:20.082552229 +0000",fb3044461d314ecef474c19f05eec0217ed9dc7e1e46244278b796c5370ef379
"/data/project/wdump/links/latest//yiwiktionary-latest-pages-articles-multistream.xml.bz2","/mnt/nfs/dumps/yiwiktionary/20260901/yiwiktionary-20260901-pages-articles-multistream.xml.bz2",626115,"2026-09-01 09:39:49.164632221 +0000",a2ac187a46ab5c85b95cb321df0ff4220e7dd47785314ca76d6268dd616781e6
"/data/project/wdump/links/latest//yowiki-latest-pages-articles-multistream.xml.bz2","/mnt/nfs/dumps/yowiki/20260901/yowiki-20260901-pages-articles-multistream.xml.bz2",30083247,"2026-09-01 09:42:47.192136805 +0000",923ea18a172444a936b7a064f954a5ecbfd8c3734d4b3b6ad5857527823e0433
"/data/project/wdump/links/latest//yowikibooks-latest-pages-articles-multistream.xml.bz2","/mnt/nfs/dumps/yowikibooks/20260901/yowikibooks-20260901-pages-articles-multistream.xml.bz2",5889,"2026-09-01 09:42:27.346712840 +0000",f9863b4c6e2353b6e65e1c495480deb3d2c021507ef066d407aad24458cbb3d4
"/data/project/wdump/links/latest//yowiktionary-latest-pages-articles-multistream.xml.bz2","/mnt/nfs/dumps/yowiktionary/20260901/yowiktionary-20260901-pages-articles-multistream.xml.bz2",46465,"2026-09-01 09:42:52.456819918 +0000",56559c0976c4545e8304598b77d97021a7cb7b31a2052fdfda6bb25d3e1fae4d
"/data/project/wdump/links/latest//yuewiktionary-latest-pages-articles-multistream.xml.bz2","/mnt/nfs/dumps/yuewiktionary/20260901/yuewiktionary-20260901-pages-articles-multistream.xml.bz2",3681107,"2026-09-01 09:43:49.485537111 +0000",e6b69f2e87f6b28c5caf72806a56542f6def845ef18047c0b097e1ba6521ee99
"/data/project/wdump/links/latest//zawiki-latest-pages-articles-multistream.xml.bz2","/mnt/nfs/dumps/zawiki/20260901/zawiki-20260901-pages-articles-multistream.xml.bz2",1574568,"2026-09-01 09:42:53.659118429 +0000",3827836079c1e81c1dc2a9eb43b674384c834a956ae528ccc2cd7efa41e69e10
"/data/project/wdump/links/latest//zawikibooks-latest-pages-articles-multistream.xml.bz2","/mnt/nfs/dumps/zawikibooks/20260901/zawikibooks-20260901-pages-articles-multistream.xml.bz2",10112,"2026-09-01 09:42:53.507119425 +0000",b41a8abbc2435c95779f3f6e2d21eb20b30f758f81d2839e10414512983d58c5
"/data/project/wdump/links/latest//zawikiquote-latest-pages-articles-multistream.xml.bz2","/mnt/nfs/dumps/zawikiquote/20260901/zawikiquote-20260901-pages-articles-multistream.xml.bz2",4579,"2026-09-01 09:43:18.882032138 +0000",2c25aee046f000c8105f7063a4bdf21dd525ce77aaeccea271cc21e14e131ebc
"/data/project/wdump/links/latest//zawiktionary-latest-pages-articles-multistream.xml.bz2","/mnt/nfs/dumps/zawiktionary/20260901/zawiktionary-20260901-pages-articles-multistream.xml.bz2",55587,"2026-09-01 09:48:31.773833014 +0000",091fbfc0291fce7c65c0882e4ea4e666f47053057d5a7612d3006ebb720d3001
"/data/project/wdump/links/latest//zeawiki-latest-pages-articles-multistream.xml.bz2","/mnt/nfs/dumps/zeawiki/20260901/zeawiki-20260901-pages-articles-multistream.xml.bz2",3907787,"2026-09-01 09:49:53.696365811 +0000",1636a3c8d22a233b501a248b5aeab1d762e15fd29148040f8da3de786c52b181
"/data/project/wdump/links/latest//zghwiki-latest-pages-articles-multistream.xml.bz2","/mnt/nfs/dumps/zghwiki/20260901/zghwiki-20260901-pages-articles-multistream.xml.bz2",7106926,"2026-09-01 09:50:04.100297586 +0000",2fcfbcd2caa0ed34340aeba7997383e6626cb88e94e0f1b89fdb905cfe4f4dfc
"/data/project/wdump/links/latest//zghwiktionary-latest-pages-articles-multistream.xml.bz2","/mnt/nfs/dumps/zghwiktionary/20260901/zghwiktionary-20260901-pages-articles-multistream.xml.bz2",1029586,"2026-09-01 09:48:59.184445497 +0000",9f78ba8bf331689ba026c9bd6a666e24a5c4dcb892db9dd55dfa75140aaf44d8
"/data/project/wdump/links/latest//zh_classicalwiki-latest-pages-articles-multistream.xml.bz2","/mnt/nfs/dumps/zh_classicalwiki/20260901/zh_classicalwiki-20260901-pages-articles-multistream.xml.bz2",21224725,"2026-09-01 09:51:18.838114335 +0000",10cc7617389fe4e5713669182c65fa69e0837100d485f088aaefc8ac1f4cdd69
"/data/project/wdump/links/latest//zh_min_nanwiki-latest-pages-articles-multistream.xml.bz2","/mnt/nfs/dumps/zh_min_nanwiki/20260901/zh_min_nanwiki-20260901-pages-articles-multistream.xml.bz2",99237159,"2026-09-01 10:09:47.134122619 +0000",382cdd138836e34c6818089a36c1ce7d3181f454ab51f0d19c32970be81f7da4
"/data/project/wdump/links/latest//zh_min_nanwikibooks-latest-pages-articles-multistream.xml.bz2","/mnt/nfs/dumps/zh_min_nanwikibooks/20260901/zh_min_nanwikibooks-20260901-pages-articles-multistream.xml.bz2",28583,"2026-09-01 09:48:29.977681520 +0000",aa20e621ca32e52f0ea9c3e86c191c1393a415ea1cd49ea1eab6ebfff9760319
"/data/project/wdump/links/latest//zh_min_nanwikiquote-latest-pages-articles-multistream.xml.bz2","/mnt/nfs/dumps/zh_min_nanwikiquote/20260901/zh_min_nanwikiquote-20260901-pages-articles-multistream.xml.bz2",35555,"2026-09-01 09:41:58.919058566 +0000",004ae65c8afa409008a1e3b875232ece4324b512b578e8ada8e63cdf3e8ceec7
"/data/project/wdump/links/latest//zh_min_nanwikisource-latest-pages-articles-multistream.xml.bz2","/mnt/nfs/dumps/zh_min_nanwikisource/20260901/zh_min_nanwikisource-20260901-pages-articles-multistream.xml.bz2",5053954,"2026-09-01 09:49:25.905824777 +0000",36dd588964ab6af0ab908a16f7b3aa17b89af6de1be85ff4e67a466106b79da9
"/data/project/wdump/links/latest//zh_min_nanwiktionary-latest-pages-articles-multistream.xml.bz2","/mnt/nfs/dumps/zh_min_nanwiktionary/20260901/zh_min_nanwiktionary-20260901-pages-articles-multistream.xml.bz2",4317049,"2026-09-01 09:35:35.491899214 +0000",c4a7957dd8576c435dac81411b446816b37fa68dec70ab659c5b37c9495023a7
"/data/project/wdump/links/latest//zh_yuewiki-latest-pages-articles-multistream.xml.bz2","/mnt/nfs/dumps/zh_yuewiki/20260901/zh_yuewiki-20260901-pages-articles-multistream.xml.bz2",140399107,"2026-09-01 09:35:38.405963852 +0000",50698fe3d306a38d3c0dcb2d88bac6656d66b61de850d1aa11c18b77690f48ad
"/data/project/wdump/links/latest//zhwiki-latest-pages-articles-multistream.xml.bz2","/mnt/nfs/dumps/zhwiki/20260901/zhwiki-20260901-pages-articles-multistream.xml.bz2",3581675236,"2026-09-01 10:46:23.052563027 +0000",985e487a6cf40cd3423a00c45dbebc9e77b4a9c06432b7fe591bf907c8d3ecc9
"/data/project/wdump/links/latest//zhwikibooks-latest-pages-articles-multistream.xml.bz2","/mnt/nfs/dumps/zhwikibooks/20260901/zhwikibooks-20260901-pages-articles-multistream.xml.bz2",20138084,"2026-09-01 09:36:06.419960095 +0000",3168066c1e5c9d731ca53b3735501ab38b61049d39809cb1ae1f1b6cf1c3b3da
"/data/project/wdump/links/latest//zhwikinews-latest-pages-articles-multistream.xml.bz2","/mnt/nfs/dumps/zhwikinews/20260901/zhwikinews-20260901-pages-articles-multistream.xml.bz2",35742828,"2026-09-01 09:34:36.499269283 +0000",5b87da6f93d5f3e4173c550124d1cccd346b097433ba6660ac074b35b7f64752
"/data/project/wdump/links/latest//zhwikiquote-latest-pages-articles-multistream.xml.bz2","/mnt/nfs/dumps/zhwikiquote/20260901/zhwikiquote-20260901-pages-articles-multistream.xml.bz2",8956522,"2026-09-01 09:32:35.023158660 +0000",ac043ea423af9949bf91d860a609f249ff50885ed0b9f3ec996cf6cc873bfdf2
"/data/project/wdump/links/latest//zhwikisource-latest-pages-articles-multistream.xml.bz2","/mnt/nfs/dumps/zhwikisource/20260901/zhwikisource-20260901-pages-articles-multistream.xml.bz2",7889421692,"2026-09-01 14:24:25.756615421 +0000",60b9f526b970093e68949ae5533e51f70a0f8a44defe1bafb0ade3abf5f128f7
"/data/project/wdump/links/latest//zhwikiversity-latest-pages-articles-multistream.xml.bz2","/mnt/nfs/dumps/zhwikiversity/20260901/zhwikiversity-20260901-pages-articles-multistream.xml.bz2",18078961,"2026-09-01 09:44:25.065152698 +0000",d66173f270b34ecf9aeea968289ec759467b218776513941b8a1e79b6d613d47
"/data/project/wdump/links/latest//zhwikivoyage-latest-pages-articles-multistream.xml.bz2","/mnt/nfs/dumps/zhwikivoyage/20260901/zhwikivoyage-20260901-pages-articles-multistream.xml.bz2",14875148,"2026-09-01 09:43:26.473931547 +0000",3f09b8bf96ab9cb6365e0680ff8997845ad43e11b7b5a0825494933779d8fa59
"/data/project/wdump/links/latest//zhwiktionary-latest-pages-articles-multistream.xml.bz2","/mnt/nfs/dumps/zhwiktionary/20260901/zhwiktionary-20260901-pages-articles-multistream.xml.bz2",347816441,"2026-09-01 19:34:48.785830790 +0000",e69a6cda0b550e0cec86cdfa931e72e6878d11764d640d2b2f6c3cf231f742e8
"/data/project/wdump/links/latest//zuwiki-latest-pages-articles-multistream.xml.bz2","/mnt/nfs/dumps/zuwiki/20260901/zuwiki-20260901-pages-articles-multistream.xml.bz2",8289392,"2026-09-01 09:47:44.865566050 +0000",9a2193d0157341706d9f537c0097a9c1f1e136f8022ee1cbbdf4c5ba06040fa8
"/data/project/wdump/links/latest//zuwikibooks-latest-pages-articles-multistream.xml.bz2","/mnt/nfs/dumps/zuwikibooks/20260901/zuwikibooks-20260901-pages-articles-multistream.xml.bz2",8339,"2026-09-01 09:45:34.755879494 +0000",19957807cc2537b4845b2bc86bb359577328512524f864f1bff9683cc919fa38
"/data/project/wdump/links/latest//zuwiktionary-latest-pages-articles-multistream.xml.bz2","/mnt/nfs/dumps/zuwiktionary/20260901/zuwiktionary-20260901-pages-articles-multistream.xml.bz2",261899,"2026-09-01 09:45:32.957228905 +0000",b711dbb9e3adca8908fef38ba32338ca4a4eeab7d48125063d29626a61e9ae3c
